"Player","Team","POS","ATT","YDS","TDS","REC","YDS","TDS","FL","FPTS"
" "," ","","",""
"Jahmyr Gibbs","DET","RB1","274.4","1,380.9","13.8","70.9","580.2","4.1","1.1","301.6"
"Bijan Robinson","ATL","RB2","289.5","1,426.4","9.5","79.6","737.9","3.5","1.8","290.5"
"Jonathan Taylor","IND","RB3","327.4","1,509.4","12.9","43.8","326.7","1.4","1.7","265.9"
"Christian McCaffrey","SF","RB4","276.5","1,122.0","9.2","79.3","699.8","4.7","1.1","263.1"
"Derrick Henry","BAL","RB5","314.0","1,568.1","13.4","17.8","172.1","0.7","1.7","255.1"
"De'Von Achane","MIA","RB6","246.8","1,252.0","6.4","70.2","527.3","4.3","1.0","240.1"
"James Cook III","BUF","RB7","287.3","1,403.5","10.3","33.3","281.7","1.9","2.4","236.9"
"Puka Nacua","LAR","WR1","13.6","95.6","1.4","122.3","1,617.1","9.3","1.0","233.2"
"Saquon Barkley","PHI","RB8","295.8","1,310.8","8.2","42.0","330.1","2.1","1.0","224.0"
"Jaxon Smith-Njigba","SEA","WR2","5.5","30.4","0.1","114.6","1,621.9","9.8","1.1","222.4"
"Josh Jacobs","GB","RB9","288.7","1,161.1","12.0","35.7","284.1","1.2","1.3","221.2"
"Ashton Jeanty","LV","RB10","283.7","1,089.8","8.0","59.0","414.1","3.3","1.1","216.4"
"Ja'Marr Chase","CIN","WR3","3.0","17.0","0.0","121.2","1,510.2","10.6","1.0","214.4"
"Chase Brown","CIN","RB11","239.4","1,039.7","7.5","64.4","430.1","3.9","1.1","213.2"
"Omarion Hampton","LAC","RB12","249.8","1,075.9","10.0","51.6","352.6","2.0","1.1","212.2"
"Kyren Williams","LAR","RB13","244.7","1,138.7","10.2","33.5","239.6","2.2","1.6","209.5"
"Kenneth Walker III","KC","RB14","257.7","1,168.1","8.3","45.1","346.9","1.2","0.9","207.0"
"Breece Hall","NYJ","RB15","259.3","1,159.7","6.5","47.4","411.3","2.2","1.7","206.2"
"Amon-Ra St. Brown","DET","WR4","3.1","11.8","0.0","117.0","1,390.3","10.5","0.4","202.4"
"Jeremiyah Love","ARI","RB16","238.6","1,078.7","7.2","54.4","419.5","2.1","2.2","201.3"
"Javonte Williams","DAL","RB17","257.5","1,167.4","10.4","29.4","167.9","1.2","1.6","199.5"
"Cam Skattebo","NYG","RB18","243.5","1,015.9","8.1","45.8","364.0","2.5","1.6","198.5"
"Travis Etienne Jr.","NO","RB19","251.9","1,063.1","5.3","45.2","353.7","3.0","1.0","189.9"
"Bucky Irving","TB","RB20","262.2","1,043.7","6.3","40.6","342.4","2.3","1.0","188.0"
"D'Andre Swift","CHI","RB21","233.1","1,053.1","8.0","34.8","299.8","1.0","1.0","187.9"
"Drake London","ATL","WR5","0.0","0.0","0.0","101.6","1,330.9","9.4","1.0","187.8"
"Quinshon Judkins","CLE","RB22","289.4","1,104.3","8.1","31.3","218.3","0.6","0.9","182.4"
"Bhayshul Tuten","JAC","RB23","243.0","992.5","8.2","29.2","221.6","2.1","2.2","179.2"
"CeeDee Lamb","DAL","WR6","2.4","12.5","0.0","97.7","1,298.2","7.5","0.3","175.8"
"Rashee Rice","KC","WR7","5.4","25.5","0.9","98.7","1,099.2","9.7","0.6","174.5"
"Justin Jefferson","MIN","WR8","1.3","5.5","0.0","98.6","1,301.4","6.8","0.3","170.9"
"George Pickens","DAL","WR9","0.3","-0.3","0.0","82.7","1,202.4","8.4","0.5","169.7"
"A.J. Brown","NE","WR10","0.0","0.0","0.0","88.7","1,234.3","7.6","0.3","168.7"
"Nico Collins","HOU","WR11","1.4","8.3","0.4","82.6","1,212.7","7.3","0.8","166.1"
"TreVeyon Henderson","NE","RB24","190.1","885.9","7.3","37.7","261.5","1.2","0.9","163.9"
"Chris Olave","NO","WR12","0.3","0.0","0.0","94.2","1,169.4","7.8","0.3","163.1"
"Zay Flowers","BAL","WR13","9.9","58.8","0.5","81.9","1,167.8","6.5","1.5","161.6"
"David Montgomery","HOU","RB25","225.5","936.7","7.3","30.5","226.3","0.5","1.0","161.5"
"Jadarian Price","SEA","RB26","215.2","911.8","7.6","26.0","220.1","1.1","2.0","161.5"
"Tony Pollard","TEN","RB27","238.7","1,045.3","5.9","31.9","207.7","0.5","2.1","159.2"
"J.K. Dobbins","DEN","RB28","226.6","1,060.1","6.6","17.7","94.2","0.6","0.7","157.0"
"Davante Adams","LAR","WR14","0.0","0.0","0.0","68.5","926.2","10.2","0.2","153.6"
"Rico Dowdle","PIT","RB29","208.2","899.0","6.2","31.4","220.3","1.0","1.0","153.1"
"Jameson Williams","DET","WR15","7.3","42.0","0.5","64.4","1,064.6","6.6","0.2","152.8"
"Chuba Hubbard","CAR","RB30","208.8","841.5","5.4","36.3","259.6","1.8","1.5","150.8"
"Tee Higgins","CIN","WR16","0.0","0.0","0.0","70.7","964.6","9.1","0.2","150.6"
"Trey McBride","ARI","TE1","0.0","0.0","0.0","113.6","1,099.4","6.9","0.2","150.6"
"Jaylen Warren","PIT","RB31","188.0","825.6","4.8","42.0","320.6","1.5","0.9","150.5"
"Rhamondre Stevenson","NE","RB32","168.8","733.2","6.5","36.8","309.8","1.6","2.1","149.1"
"Tetairoa McMillan","CAR","WR17","0.0","0.0","0.0","78.3","1,121.9","6.4","0.9","148.9"
"Malik Nabers","NYG","WR18","2.7","7.5","0.0","75.4","1,014.2","7.9","0.3","148.9"
"DeVonta Smith","PHI","WR19","0.0","0.0","0.0","87.4","1,134.0","6.0","0.3","148.8"
"Garrett Wilson","NYJ","WR20","1.1","4.3","0.0","97.8","1,106.5","6.4","1.1","147.8"
"Brock Bowers","LV","TE2","0.0","0.0","0.0","96.4","1,024.8","7.5","0.2","147.2"
"Rome Odunze","CHI","WR21","0.3","1.3","0.0","63.4","980.2","8.2","0.3","146.5"
"Emeka Egbuka","TB","WR22","1.4","7.3","0.0","66.8","1,013.4","7.1","0.3","144.1"
"Alec Pierce","IND","WR23","0.0","0.0","0.0","64.0","1,048.9","6.5","0.3","143.2"
"Terry McLaurin","WAS","WR24","0.3","0.3","0.0","71.6","982.6","7.6","0.3","143.2"
"DJ Moore","BUF","WR25","10.0","54.0","0.5","68.7","896.3","6.7","0.8","136.3"
"Ladd McConkey","LAC","WR26","0.0","0.0","0.0","76.9","976.9","6.4","0.3","135.6"
"Courtland Sutton","DEN","WR27","0.0","0.0","0.0","69.4","902.8","7.5","0.2","135.0"
"Christian Watson","GB","WR28","1.7","8.0","0.0","56.0","901.6","7.4","0.3","134.9"
"Luther Burden III","CHI","WR29","7.7","38.2","0.1","72.6","957.9","5.7","0.3","134.0"
"Aaron Jones Sr.","MIN","RB33","171.7","730.2","3.9","41.0","303.3","1.7","1.6","133.8"
"Kyle Monangai","CHI","RB34","191.0","817.0","5.2","22.8","192.7","0.4","0.7","133.0"
"RJ Harvey","DEN","RB35","134.1","508.9","4.6","46.6","343.9","3.5","0.8","132.6"
"Jacory Croskey-Merritt","WAS","RB36","182.3","821.0","7.5","11.2","79.6","0.2","1.7","132.4"
"Mike Evans","SF","WR30","0.0","0.0","0.0","65.1","914.7","6.7","0.2","131.4"
"Jaylen Waddle","DEN","WR31","1.7","12.4","0.0","72.9","960.3","5.7","0.3","130.8"
"DK Metcalf","PIT","WR32","0.7","3.3","0.3","64.2","923.8","6.0","0.2","130.5"
"Colston Loveland","CHI","TE3","0.0","0.0","0.0","77.3","907.3","6.7","0.2","130.4"
"Marvin Harrison Jr.","ARI","WR33","0.0","0.0","0.0","67.2","945.3","6.0","0.3","130.0"
"Rachaad White","WAS","RB37","140.9","621.5","5.4","40.3","272.7","1.6","0.8","129.7"
"Blake Corum","LAR","RB38","163.1","780.6","6.3","10.9","73.7","0.2","0.7","122.8"
"Brian Thomas Jr.","JAC","WR34","2.7","18.0","0.4","55.7","837.7","5.3","0.2","119.6"
"Tyler Warren","IND","TE4","0.0","0.0","0.0","82.9","870.5","5.4","0.3","118.8"
"Parker Washington","JAC","WR35","5.3","13.6","0.1","60.9","844.0","5.4","0.4","117.8"
"Jordan Mason","MIN","RB39","171.0","784.8","5.5","14.5","75.8","0.1","1.0","117.6"
"Kenny Gainwell","TB","RB40","110.7","485.2","3.8","49.7","352.0","2.0","0.9","116.8"
"Kyle Pitts Sr.","ATL","TE5","0.0","0.0","0.0","79.4","883.1","4.7","0.1","116.4"
"Quentin Johnston","LAC","WR36","1.7","6.3","0.0","53.6","755.9","6.9","0.7","116.1"
"Jakobi Meyers","JAC","WR37","4.7","23.0","0.1","70.6","814.8","5.4","0.8","115.1"
"Carnell Tate","TEN","WR38","0.7","3.0","0.0","66.3","902.7","4.5","1.4","115.1"
"Dallas Goedert","PHI","TE6","0.0","0.0","0.0","65.5","688.6","7.5","0.2","113.7"
"Jayden Reed","GB","WR39","12.0","86.6","0.1","62.8","757.8","4.8","0.4","113.3"
"Sam LaPorta","DET","TE7","0.0","0.0","0.0","69.8","809.3","5.5","0.2","113.2"
"Jordan Addison","MIN","WR40","2.7","37.1","0.4","54.5","747.3","5.4","0.2","112.6"
"Harold Fannin Jr.","CLE","TE8","0.0","0.0","0.0","78.7","815.8","5.4","0.8","112.3"
"Xavier Worthy","KC","WR41","15.5","99.3","0.9","55.1","721.8","4.2","0.2","112.1"
"Chris Godwin Jr.","TB","WR42","0.3","0.3","0.0","70.1","802.7","5.2","0.3","110.9"
"Tucker Kraft","GB","TE9","0.0","0.0","0.0","58.0","749.0","6.0","0.2","110.4"
"Michael Pittman Jr.","PIT","WR43","0.0","0.0","0.0","81.1","811.7","5.0","0.3","110.3"
"Jordyn Tyson","NO","WR44","0.7","3.3","0.0","63.2","856.5","4.3","1.3","109.2"
"Travis Kelce","KC","TE10","0.0","0.0","0.0","76.9","784.4","5.2","0.3","108.8"
"Makai Lemon","PHI","WR45","1.5","7.0","0.0","58.3","821.3","4.7","1.3","108.6"
"Jonathon Brooks","CAR","RB41","154.8","623.7","3.9","25.1","192.9","1.1","1.4","108.4"
"Michael Wilson","ARI","WR46","0.0","0.7","0.0","66.3","810.6","4.4","0.2","107.2"
"Mark Andrews","BAL","TE11","0.0","0.0","0.0","58.3","607.6","7.7","0.3","106.5"
"Romeo Doubs","NE","WR47","0.0","0.0","0.0","57.8","751.3","5.3","0.3","106.5"
"Wan'Dale Robinson","TEN","WR48","2.0","9.5","0.1","83.0","833.8","3.6","0.3","105.9"
"George Kittle","SF","TE12","0.0","0.0","0.0","62.0","720.6","5.6","0.2","105.2"
"Calvin Ridley","TEN","WR49","4.5","27.5","0.6","48.1","784.9","3.3","0.2","104.3"
"Zach Charbonnet","SEA","RB42","130.5","532.3","5.6","19.8","147.0","0.5","0.7","103.2"
"Ricky Pearsall","SF","WR50","2.8","14.2","0.1","57.8","800.6","3.6","0.3","102.9"
"Dalton Kincaid","BUF","TE13","0.0","0.0","0.0","56.8","701.6","5.5","0.2","102.6"
"Isaiah Likely","NYG","TE14","0.0","0.0","0.0","62.9","746.2","5.1","1.3","102.4"
"Matthew Golden","GB","WR51","5.5","27.3","0.1","54.9","731.6","4.2","0.4","101.0"
"Khalil Shakir","BUF","WR52","1.1","5.5","0.0","73.4","758.1","4.2","0.8","100.4"
"Woody Marks","HOU","RB43","142.6","555.4","2.7","24.1","197.8","1.8","0.8","100.3"
"Rashid Shaheed","SEA","WR53","13.4","88.8","0.3","45.9","698.2","3.2","0.8","98.1"
"John Metchie III","CAR","WR54","3.0","-4.0","0.0","65.0","617.0","6.0","0.0","97.7"
"Hunter Henry","NE","TE15","0.0","0.0","0.0","56.3","652.0","5.4","0.1","97.4"
"Theo Wease Jr.","MIA","WR55","2.0","8.0","0.0","48.0","685.0","5.0","1.0","97.3"
"Josh Downs","IND","WR56","2.1","6.4","0.0","76.8","714.8","4.3","0.8","96.8"
"Jalen Coker","CAR","WR57","0.0","0.0","0.0","57.4","694.7","4.6","0.8","95.3"
"Rashod Bateman","BAL","WR58","0.0","0.0","0.0","38.4","593.9","6.0","0.2","95.0"
"Isiah Pacheco","DET","RB44","139.2","581.1","3.5","21.1","136.1","0.6","0.8","94.8"
"Jake Ferguson","DAL","TE16","0.0","0.0","0.0","74.1","607.3","6.0","1.4","93.6"
"Tre Tucker","LV","WR59","11.2","52.9","0.2","50.1","633.5","3.8","0.1","91.9"
"Tank Dell","HOU","WR60","10.2","48.8","0.1","50.0","633.2","3.8","0.2","91.4"
"Brenton Strange","JAC","TE17","0.0","0.0","0.0","60.0","658.0","4.3","0.2","91.4"
"Tyrone Tracy Jr.","NYG","RB45","118.3","502.7","2.5","26.3","203.3","1.2","0.8","91.0"
"Jerry Jeudy","CLE","WR61","0.5","2.0","0.0","54.2","746.8","2.9","0.7","90.5"
"Tyjae Spears","TEN","RB46","92.1","368.0","2.9","45.9","305.2","1.2","0.7","90.5"
"KC Concepcion","CLE","WR62","4.2","22.4","0.1","55.7","707.8","3.1","1.3","89.8"
"Juwan Johnson","NO","TE18","0.0","0.0","0.0","64.5","726.2","3.2","1.3","89.5"
"Chris Rodriguez Jr.","JAC","RB47","133.8","553.1","5.1","5.4","42.5","0.1","0.6","89.4"
"Alvin Kamara","NO","RB48","116.6","454.6","2.1","34.6","233.6","1.5","0.6","88.9"
"Jayden Higgins","HOU","WR63","0.0","0.0","0.0","49.3","608.7","4.7","0.2","88.7"
"Jalen McMillan","TB","WR64","4.7","26.8","0.1","46.6","606.8","3.9","0.2","87.2"
"Jauan Jennings","MIN","WR65","0.0","0.0","0.0","48.7","556.5","5.2","0.7","85.2"
"Jalen Nailor","LV","WR66","2.0","8.5","0.0","42.0","566.4","4.4","0.2","83.7"
"Dalton Schultz","HOU","TE19","0.0","0.0","0.0","65.9","630.0","3.4","0.2","82.8"
"Brian Robinson Jr.","ATL","RB49","121.8","530.0","4.2","7.6","48.1","0.1","0.7","82.2"
"Antonio Williams","WAS","WR67","3.5","18.7","0.1","44.4","600.1","3.6","1.2","81.7"
"Justice Hill","BAL","RB50","56.4","273.5","2.2","34.7","303.0","1.8","0.2","81.3"
"Pat Freiermuth","PIT","TE20","0.0","0.0","0.0","53.0","557.9","4.3","0.2","80.9"
"AJ Barner","SEA","TE21","0.0","0.0","0.0","50.6","486.2","5.2","0.2","79.4"
"Kenyon Sadiq","NYJ","TE22","0.0","0.0","0.0","51.1","558.0","4.1","0.7","79.0"
"Tyler Allgeier","ARI","RB51","111.7","428.0","4.2","17.0","108.5","0.2","0.6","78.5"
"Braelon Allen","NYJ","RB52","106.0","427.9","4.3","12.9","93.7","0.7","1.7","78.5"
"AJ Dillon","CAR","RB53","123.0","509.0","3.0","16.0","136.0","1.0","5.0","78.5"
"Samaje Perine","CIN","RB54","98.9","443.2","3.7","17.9","135.1","0.4","1.9","78.3"
"Cooper Kupp","SEA","WR68","0.5","1.5","0.0","47.4","583.8","3.4","0.7","77.7"
"Denzel Boston","CLE","WR69","1.0","5.0","0.0","48.8","612.0","2.9","0.8","77.4"
"Greg Dulcich","MIA","TE23","0.0","0.0","0.0","53.4","606.3","3.2","1.2","77.3"
"Jordan James","SF","RB55","102.3","416.5","3.2","16.1","146.8","0.7","1.2","77.1"
"Adonai Mitchell","NYJ","WR70","2.2","11.2","0.1","38.5","563.9","3.3","0.5","76.9"
"T.J. Hockenson","MIN","TE24","0.0","0.0","0.0","63.6","573.7","3.3","0.2","76.6"
"Oronde Gadsden II","LAC","TE25","0.0","0.0","0.0","45.5","563.9","3.6","0.7","76.6"
"Cade Otton","TB","TE26","0.0","0.0","0.0","56.0","570.0","3.2","0.1","75.7"
"Terrance Ferguson","LAR","TE27","0.0","0.0","0.0","35.1","485.4","4.3","0.1","74.2"
"Omar Cooper Jr.","NYJ","WR71","2.1","12.5","0.1","46.3","550.3","3.3","1.2","74.1"
"Germie Bernard","PIT","WR72","2.1","10.8","0.0","44.6","550.8","3.1","0.8","73.5"
"Chig Okonkwo","WAS","TE28","0.0","0.0","0.0","53.9","567.2","2.7","0.1","72.9"
"Dylan Sampson","CLE","RB56","73.5","254.1","1.3","35.9","284.6","2.1","1.2","72.0"
"Ty Johnson","BUF","RB57","51.4","222.1","2.1","22.8","241.0","2.2","0.2","71.2"
"Darnell Mooney","NYG","WR73","1.1","6.0","0.0","36.5","534.8","2.8","0.1","70.6"
"Kayshon Boutte","NE","WR74","0.0","0.0","0.0","30.3","462.5","4.0","0.1","70.3"
"Travis Hunter","JAC","WR75","2.0","10.8","0.1","41.6","496.2","3.3","0.4","70.0"
"Mike Gesicki","CIN","TE29","0.0","0.0","0.0","44.0","461.1","3.9","0.1","69.1"
"Bub Means","NO","WR76","1.0","7.0","0.0","38.0","517.0","3.0","1.0","68.4"
"Tyquan Thornton","KC","WR77","0.0","0.0","0.0","25.4","465.9","3.5","0.1","67.2"
"Kaelon Black","SF","RB58","98.1","387.6","3.2","8.6","78.9","0.6","1.1","67.0"
"Darius Slayton","NYG","WR78","1.6","8.6","0.0","35.4","521.0","2.5","0.7","66.8"
"Emari Demercado","KC","RB59","76.8","425.9","1.7","16.3","119.0","0.8","1.7","66.2"
"Ja'Kobi Lane","BAL","WR79","1.5","8.5","0.0","30.4","458.7","3.4","0.6","66.0"
"Christian Kirk","SF","WR80","0.0","0.0","0.0","39.5","472.5","3.0","0.1","65.3"
"Chris Bell","MIA","WR81","0.0","0.0","0.0","40.4","535.2","2.0","0.4","64.4"
"Tory Horton","SEA","WR82","0.5","3.0","0.0","30.3","400.9","4.2","0.6","64.1"
"Tank Bigsby","PHI","RB60","85.6","419.4","3.2","3.3","29.3","0.1","0.2","63.9"
"Malik Washington","MIA","WR83","13.4","80.2","0.7","43.5","389.6","2.3","0.8","63.4"
"Evan Engram","DEN","TE30","0.0","0.0","0.0","53.5","471.8","2.7","0.1","63.2"
"Mike Washington Jr.","LV","RB61","92.8","352.5","2.1","15.2","121.4","0.6","0.7","62.5"
"Gunnar Helm","TEN","TE31","0.0","0.0","0.0","48.9","443.1","3.1","0.2","62.5"
"Malik Davis","DAL","RB62","81.8","382.7","2.8","8.7","67.3","0.2","0.1","62.4"
"Nick Westbrook-Ikhine","IND","WR84","0.0","0.0","0.0","34.3","432.7","3.0","0.3","60.9"
"Troy Franklin","DEN","WR85","3.0","10.8","0.0","36.5","395.9","3.4","0.6","60.1"
"David Njoku","LAC","TE32","0.0","0.0","0.0","38.5","358.2","4.0","0.1","59.9"
"Isaac TeSlaa","DET","WR86","0.0","0.0","0.0","25.4","351.8","4.1","0.1","59.6"
"Keaton Mitchell","LAC","RB63","85.2","395.4","1.9","11.5","82.7","0.2","0.7","59.2"
"Devaughn Vele","NO","WR87","0.0","0.0","0.0","35.1","422.8","2.8","0.1","59.1"
"Hollywood Brown","PHI","WR88","0.0","0.0","0.0","31.3","389.3","3.3","0.1","58.3"
"Jack Bech","LV","WR89","0.0","0.0","0.0","41.4","483.0","1.8","0.4","58.1"
"De'Zhaun Stribling","SF","WR90","1.5","6.5","0.0","32.3","437.4","2.5","0.6","58.1"
"Andrei Iosivas","CIN","WR91","2.5","11.1","0.0","31.1","393.6","2.9","0.1","57.8"
"Colby Parkinson","LAR","TE33","0.0","0.0","0.0","34.3","354.4","3.9","0.6","57.6"
"Caleb Douglas","MIA","WR92","1.0","5.5","0.0","34.6","440.0","2.3","0.7","57.2"
"Adam Randall","BAL","RB64","55.1","281.5","2.0","10.3","103.4","1.1","0.6","55.7"
"Ryan Flournoy","DAL","WR93","2.2","12.4","0.1","34.0","384.6","2.7","0.4","55.5"
"Dyami Brown","WAS","WR94","0.0","0.0","0.0","29.9","394.6","2.7","0.3","55.0"
"Tre' Harris","LAC","WR95","0.0","0.0","0.0","34.5","407.8","2.5","0.4","54.8"
"Ted Hurst III","TB","WR96","1.0","6.5","0.0","28.9","389.8","2.6","0.6","53.8"
"Mason Taylor","NYJ","TE34","0.0","0.0","0.0","44.5","390.8","2.4","0.1","53.2"
"Jahan Dotson","ATL","WR97","0.0","0.0","0.0","31.9","402.9","2.1","0.2","52.2"
"Ashton Dulin","IND","WR98","5.1","46.2","0.1","22.5","378.9","1.5","0.1","51.6"
"Chris Brooks","GB","RB65","72.7","323.2","1.3","15.4","107.6","0.3","0.6","51.5"
"Elic Ayomanor","TEN","WR99","0.0","0.0","0.0","23.9","323.0","3.2","0.0","51.5"
"Dawson Knox","BUF","TE35","0.0","0.0","0.0","28.7","328.7","2.9","0.1","50.3"
"Michael Mayer","LV","TE36","0.0","0.0","0.0","40.0","377.3","2.1","0.1","50.1"
"Kimani Vidal","LAC","RB66","62.2","251.0","1.6","11.9","104.3","0.7","0.1","49.1"
"Chimere Dike","TEN","WR100","10.1","33.6","0.3","26.1","252.9","3.3","0.6","48.7"
"Olamide Zaccheaus","ATL","WR101","1.5","9.5","0.0","37.2","352.9","2.1","0.2","48.7"
"Theo Johnson","NYG","TE37","0.0","0.0","0.0","27.7","315.4","2.9","0.1","48.7"
"Dontayvion Wicks","PHI","WR102","0.5","3.0","0.0","29.6","334.6","2.3","0.1","47.2"
"Van Jefferson","WAS","WR103","0.0","0.0","0.0","28.0","357.7","1.9","0.2","47.0"
"Xavier Hutchinson","HOU","WR104","2.1","14.2","0.0","26.4","320.6","2.1","0.1","45.9"
"KaVontae Turpin","DAL","WR105","17.7","102.4","0.4","18.3","230.4","1.7","0.4","45.4"
"Savion Williams","GB","WR106","9.0","47.0","0.3","23.9","272.0","2.0","0.3","45.1"
"Tyler Higbee","LAR","TE38","0.0","0.0","0.0","26.1","306.5","2.4","0.0","45.1"
"Xavier Legette","CAR","WR107","2.1","10.8","0.1","26.6","308.1","2.1","0.3","44.1"
"Pat Bryant","DEN","WR108","0.0","0.0","0.0","28.5","319.5","2.1","0.3","44.0"
"James Conner","ARI","RB67","42.5","155.0","1.5","18.0","131.0","1.0","0.0","43.6"
"Emanuel Wilson","SEA","RB68","69.7","289.5","1.7","7.7","52.1","0.0","0.5","43.5"
"Joshua Palmer","BUF","WR109","0.0","0.0","0.0","25.9","337.3","1.6","0.1","43.3"
"Darnell Washington","PIT","TE39","0.0","0.0","0.0","30.7","328.0","2.0","0.6","43.3"
"Marvin Mims Jr.","DEN","WR110","8.2","45.0","0.3","24.2","272.4","1.6","0.4","42.5"
"Jaylen Wright","MIA","RB69","77.8","299.1","1.5","7.2","51.9","0.1","1.2","42.2"
"Jahdae Walker","CHI","WR111","0.5","3.5","0.0","18.7","243.8","2.8","0.0","41.6"
"Calvin Austin III","NYG","WR112","0.0","0.0","0.0","20.5","273.7","2.2","0.0","40.8"
"Cedric Tillman","CLE","WR113","0.0","-0.5","0.0","21.5","269.0","2.3","0.0","40.4"
"Cole Kmet","CHI","TE40","0.0","0.0","0.0","25.9","271.4","2.2","0.1","40.4"
"Jalen Tolbert","MIA","WR114","0.0","0.0","0.0","26.6","324.8","1.3","0.3","39.8"
"Keon Coleman","BUF","WR115","0.0","0.0","0.0","19.4","266.0","2.3","0.2","39.7"
"Elijah Sarratt","BAL","WR116","0.0","0.0","0.0","19.5","294.5","1.8","0.2","39.7"
"Jawhar Jordan","HOU","RB70","51.3","218.5","1.1","11.0","87.0","0.5","0.5","39.3"
"DeMario Douglas","NE","WR117","4.1","21.4","0.2","22.7","271.0","1.5","0.3","38.6"
"Jaylin Lane","WAS","WR118","0.0","0.0","0.0","22.8","281.0","1.8","0.2","38.4"
"Chris Brazzell II","CAR","WR119","0.0","0.0","0.0","22.5","287.9","1.7","0.2","38.3"
"Ja'Tavion Sanders","CAR","TE41","0.0","0.0","0.0","29.3","263.9","2.0","0.1","38.3"
"Emmett Johnson","KC","RB71","49.5","205.3","1.6","8.4","59.2","0.4","0.2","37.8"
"Kalif Raymond","CHI","WR120","4.6","27.2","0.2","26.7","264.8","1.3","0.3","37.1"
"Tommy Tremble","CAR","TE42","0.0","0.0","0.0","26.5","253.1","2.0","0.1","36.9"
"Kendre Miller","NO","RB72","52.4","209.8","2.1","4.0","28.5","0.0","0.0","36.7"
"MarShawn Lloyd","GB","RB73","50.6","211.5","1.5","6.5","48.6","0.3","0.2","36.6"
"Noah Fant","NO","TE43","0.0","0.0","0.0","30.4","285.3","1.7","1.6","35.3"
"Will Kacmarek","MIA","TE44","0.0","0.0","0.0","26.5","250.7","1.9","0.6","35.2"
"Demarcus Robinson","SF","WR121","0.5","2.5","0.0","17.7","249.8","1.7","0.0","35.2"
"Jaylin Noel","HOU","WR122","4.2","22.2","0.1","21.6","239.3","1.4","0.3","34.6"
"Jake Tonges","SF","TE45","0.0","0.0","0.0","23.7","250.7","1.5","0.1","34.2"
"Josh Oliver","MIN","TE46","0.0","0.0","0.0","18.6","193.6","2.4","0.1","33.5"
"Austin Hooper","ATL","TE47","0.0","0.0","0.0","22.5","237.0","1.6","0.1","33.2"
"George Holani","SEA","RB74","38.9","164.2","1.5","8.0","62.2","0.3","0.2","33.1"
"Tutu Atwell","MIA","WR123","2.2","11.3","0.1","20.3","291.1","0.4","0.2","32.9"
"Daniel Bellinger","TEN","TE48","0.0","0.0","0.0","19.3","222.3","1.7","0.0","32.6"
"Erick All Jr.","CIN","TE49","0.0","0.0","0.0","26.1","228.3","1.6","0.1","32.4"
"Zachariah Branch","ATL","WR124","0.0","0.0","0.0","21.0","251.6","1.3","0.2","32.4"
"Frank Gore Jr.","BUF","RB75","37.0","174.0","2.0","3.0","26.0","0.0","0.0","32.0"
"Charlie Kolar","LAC","TE50","0.0","0.0","0.0","17.8","205.2","1.9","0.0","31.6"
"Roschon Johnson","CHI","RB76","34.0","116.0","3.0","3.0","17.0","0.0","0.0","31.3"
"Brock Wright","DET","TE51","0.0","0.0","0.0","19.4","174.6","2.3","0.0","31.3"
"Kyle Juszczyk","SF","RB77","4.2","10.3","0.1","23.8","208.0","1.5","0.1","31.2"
"Eli Stowers","PHI","TE52","0.0","0.0","0.0","22.7","232.3","1.5","0.6","31.2"
"Luke McCaffrey","WAS","WR125","0.0","0.0","0.0","12.0","189.0","2.0","0.0","30.9"
"Jaydon Blue","DAL","RB78","44.2","186.4","1.4","4.4","30.8","0.2","0.2","30.9"
"Kevin Coleman Jr.","MIA","WR126","0.0","0.0","0.0","21.1","270.0","0.7","0.2","30.5"
"Noah Gray","KC","TE53","0.0","0.0","0.0","21.0","211.3","1.5","0.1","29.8"
"Luke Musgrave","GB","TE54","0.0","0.0","0.0","23.0","223.1","1.2","0.1","29.6"
"Elijah Arroyo","SEA","TE55","0.0","0.0","0.0","19.0","198.7","1.6","0.1","29.1"
"Treylon Burks","WAS","WR127","0.0","0.0","0.0","15.8","215.5","1.3","0.1","29.0"
"Jalen Royals","KC","WR128","0.0","0.0","0.0","17.1","198.7","1.6","0.2","28.9"
"Ollie Gordon II","MIA","RB79","45.1","185.2","1.1","3.9","27.7","0.1","0.2","28.3"
"Adam Trautman","DEN","TE56","0.0","0.0","0.0","19.4","194.0","1.5","0.0","28.2"
"Ray Davis","BUF","RB80","32.3","137.8","1.1","7.8","60.0","0.4","0.2","28.1"
"Eli Raridon","NE","TE57","0.0","0.0","0.0","18.8","195.8","1.5","0.6","27.7"
"Isaiah Davis","NYJ","RB81","26.4","135.0","0.9","9.9","78.2","0.2","0.0","27.7"
"Kendrick Bourne","ARI","WR129","0.0","0.0","0.0","22.7","239.7","0.7","0.2","27.5"
"Skyler Bell","BUF","WR130","0.0","0.0","0.0","15.1","205.5","1.2","0.2","27.5"
"Ben Sims","MIA","TE58","0.0","0.0","0.0","21.2","201.1","1.2","0.0","27.5"
"DJ Giddens","IND","RB82","33.6","141.5","1.0","8.6","56.7","0.3","0.2","27.3"
"Davis Allen","LAR","TE59","0.0","0.0","0.0","16.9","157.3","1.9","0.0","26.9"
"Sean Tucker","TB","RB83","34.4","145.4","2.0","0.5","3.0","0.0","0.1","26.6"
"Jordan Whittington","LAR","WR131","2.3","12.1","0.1","15.0","172.0","1.2","0.2","26.2"
"Ty Chandler","NO","RB84","54.0","144.0","1.0","12.0","57.0","0.0","0.0","26.1"
"Bryce Lance","NO","WR132","0.0","0.0","0.0","16.4","204.3","0.9","0.2","25.7"
"John Bates","WAS","TE60","0.0","0.0","0.0","18.4","173.7","1.6","0.6","25.5"
"Dont'e Thornton Jr.","LV","WR133","0.0","0.0","0.0","15.1","210.5","0.8","0.2","25.2"
"Marlin Klein","HOU","TE61","0.0","0.0","0.0","19.5","193.7","1.1","0.5","25.0"
"Elijah Mitchell","PHI","RB85","35.0","159.0","1.0","2.0","22.0","0.0","0.0","24.1"
"Jam Miller","NE","RB86","34.0","156.0","1.0","2.0","25.0","0.0","0.0","24.1"
"LeQuint Allen Jr.","JAC","RB87","8.0","33.9","0.2","21.7","148.0","0.8","0.1","24.1"
"Phil Mafah","DAL","RB88","32.0","142.0","1.0","4.0","34.0","0.0","0.0","23.6"
"Elijah Higgins","ARI","TE62","0.0","0.0","0.0","21.9","196.2","0.8","0.6","23.5"
"Devontez Walker","BAL","WR134","0.0","0.0","0.0","11.6","166.4","1.2","0.1","23.4"
"Odell Beckham Jr.","NYG","WR135","0.5","2.7","0.0","14.3","175.8","1.0","0.1","23.4"
"Devin Singletary","NYG","RB89","35.6","142.7","1.0","4.2","26.3","0.1","0.1","23.0"
"Mitchell Evans","CAR","TE63","0.0","0.0","0.0","15.0","138.1","1.5","0.1","22.5"
"Salvon Ahmed","CHI","RB90","35.0","152.0","1.0","1.0","12.0","0.0","0.0","22.4"
"Nick Vannett","LAR","TE64","0.0","0.0","0.0","11.0","103.0","2.0","0.0","22.3"
"Nate Boerkircher","JAC","TE65","0.0","0.0","0.0","14.9","155.8","1.3","0.5","22.2"
"Jarquez Hunter","LAR","RB91","32.0","148.0","1.0","1.0","14.0","0.0","0.0","22.2"
"Dameon Pierce","PHI","RB92","35.0","161.0","1.0","0.0","0.0","0.0","0.0","22.1"
"Israel Abanikanda","DAL","RB93","32.0","147.0","1.0","1.0","14.0","0.0","0.0","22.1"
"Jeremy Ruckert","NYJ","TE66","0.0","0.0","0.0","19.7","145.8","1.3","0.0","22.1"
"Brashard Smith","KC","RB94","25.0","89.0","0.5","10.5","71.0","0.5","0.0","22.0"
"Trevor Etienne","CAR","RB95","24.8","105.6","0.6","8.2","59.2","0.3","0.1","21.5"
"Jonah Coleman","DEN","RB96","26.2","109.4","0.8","5.9","42.7","0.2","0.1","21.2"
"Donovan Edwards","MIA","RB97","31.0","130.0","1.0","2.0","19.0","0.0","0.0","20.9"
"Carlos Washington Jr.","MIA","RB98","31.0","130.0","1.0","2.0","19.0","0.0","0.0","20.9"
"Malachi Fields","NYG","WR136","0.0","0.0","0.0","13.2","157.5","0.9","0.1","20.9"
"Audric Estime","NO","RB99","30.0","122.0","1.0","3.0","24.0","0.0","0.0","20.6"
"Najee Harris","LAC","RB100","28.0","126.0","1.0","2.0","18.0","0.0","0.0","20.4"
"Demond Claiborne","MIN","RB101","27.7","121.5","0.9","3.3","25.2","0.1","0.1","20.4"
"Jeremy McNichols","WAS","RB102","17.0","88.0","1.0","7.0","54.0","0.0","0.0","20.2"
"Jackson Hawes","BUF","TE67","0.0","0.0","0.0","10.6","115.1","1.4","0.0","20.1"
"Grant Calcaterra","PHI","TE68","0.0","0.0","0.0","12.8","132.5","1.1","0.0","20.0"
"Seth McGowan","IND","RB103","22.3","97.1","1.2","3.2","26.9","0.1","0.0","20.0"
"Ben Sinnott","WAS","TE69","0.0","0.0","0.0","11.8","116.3","1.4","0.0","19.9"
"Nate Adkins","DEN","TE70","0.0","0.0","0.0","11.9","88.3","1.8","0.0","19.8"
"Konata Mumpfield","LAR","WR137","0.0","0.0","0.0","9.9","126.7","1.2","0.1","19.4"
"Drew Sample","CIN","TE71","0.0","0.0","0.0","15.1","123.1","1.1","0.1","18.6"
"Will Mallory","IND","TE72","0.0","0.0","0.0","11.0","125.0","1.0","0.0","18.5"
"Kaytron Allen","WAS","RB104","23.6","110.8","0.7","3.1","25.5","0.1","0.0","18.4"
"Tahj Brooks","CIN","RB105","30.5","129.3","0.9","0.0","0.0","0.0","0.1","18.3"
"Jack Endries","CIN","TE73","0.0","0.0","0.0","13.0","123.0","1.0","0.0","18.3"
"Foster Moreau","HOU","TE74","0.0","0.0","0.0","9.3","105.7","1.3","0.0","18.3"
"Cade Stover","HOU","TE75","0.0","0.0","0.0","15.3","128.1","0.9","0.1","17.9"
"Hayden Rucci","SF","TE76","0.0","0.0","0.0","12.0","118.0","1.0","0.0","17.8"
"Luke Schoonmaker","DAL","TE77","0.0","0.0","0.0","13.2","121.7","0.9","0.0","17.8"
"Brenen Thompson","LAC","WR138","2.1","11.3","0.1","9.5","120.9","0.7","0.1","17.8"
"Tanner Conner","NYG","TE78","0.0","0.0","0.0","10.0","113.0","1.0","0.0","17.3"
"Mack Hollins","NE","WR139","0.0","0.0","0.0","10.8","126.7","0.8","0.1","17.2"
"KeAndre Lambert-Smith","LAC","WR140","0.0","0.0","0.0","9.6","120.8","0.9","0.1","17.0"
"Teagan Quitoriano","ARI","TE79","0.0","0.0","0.0","12.0","108.0","1.0","0.0","16.8"
"Zaire Mitchell-Paden","NO","TE80","0.0","0.0","0.0","11.0","107.0","1.0","0.0","16.7"
"Devin Neal","NO","RB106","22.5","89.5","1.0","2.5","17.5","0.0","0.0","16.7"
"Dallen Bentley","DEN","TE81","0.0","0.0","0.0","12.0","105.0","1.0","0.0","16.5"
"Hunter Luepke","DAL","RB107","13.3","56.1","0.4","8.6","61.8","0.4","0.1","16.4"
"Charlie Woerner","ATL","TE82","0.0","0.0","0.0","14.5","127.4","0.6","0.0","16.3"
"Will Shipley","PHI","RB108","9.3","39.6","0.3","11.3","83.2","0.4","0.1","16.2"
"Tanner Hudson","CIN","TE83","0.0","0.0","0.0","13.1","110.2","0.9","0.1","16.1"
"Mo Alie-Cox","IND","TE84","0.0","0.0","0.0","10.9","110.7","0.9","0.1","16.1"
"Thomas Fidone II","NYG","TE85","0.0","0.0","0.0","10.0","101.0","1.0","0.0","16.1"
"Cam Grandy","CIN","TE86","0.0","0.0","0.0","13.0","100.0","1.0","0.0","16.0"
"Jaheim Bell","PIT","TE87","0.0","0.0","0.0","10.0","98.0","1.0","0.0","15.8"
"Kyle Williams","NE","WR141","4.1","22.3","0.2","6.4","91.5","0.6","0.1","15.6"
"Jaren Kanak","TEN","TE88","0.0","0.0","0.0","10.0","96.0","1.0","0.0","15.6"
"Connor Heyward","LV","TE89","4.2","17.6","0.1","9.0","65.9","1.1","0.0","15.5"
"Jared Wiley","KC","TE90","0.0","0.0","0.0","11.0","95.0","1.0","0.0","15.5"
"Tyler Badie","DEN","RB109","4.1","17.6","0.1","12.0","98.7","0.5","0.1","15.5"
"Drake Dabney","GB","TE91","0.0","0.0","0.0","9.0","94.0","1.0","0.0","15.4"
"Nicholas Singleton","TEN","RB110","20.3","83.4","0.6","4.3","29.9","0.2","0.1","15.4"
"Jerome Ford","WAS","RB111","17.5","97.0","0.5","4.0","23.5","0.0","0.0","15.1"
"Tez Johnson","TB","WR142","4.4","23.2","0.2","6.6","77.8","0.6","0.1","14.9"
"Josh Whyle","GB","TE92","0.0","0.0","0.0","9.0","86.0","1.0","0.0","14.6"
"Devin Culp","TB","TE93","0.0","0.0","0.0","7.3","76.2","1.2","0.0","14.5"
"Durham Smythe","BAL","TE94","0.0","0.0","0.0","9.8","94.1","0.7","0.1","13.7"
"Payne Durham","TB","TE95","0.0","0.0","0.0","7.6","80.9","0.8","0.0","12.9"
"Isaiah Bond","CLE","WR143","4.3","23.5","0.1","5.6","73.7","0.4","0.1","12.9"
"Mitch Tinsley","CIN","WR144","0.0","0.0","0.0","6.6","84.0","0.8","0.1","12.9"
"Isaac Guerendo","SF","RB112","16.5","80.0","0.5","2.0","18.5","0.0","0.0","12.9"
"Xavier Smith","LAR","WR145","0.0","0.0","0.0","7.2","89.3","0.7","0.1","12.7"
"Max Klare","LAR","TE96","0.0","0.0","0.0","7.5","82.6","0.7","0.0","12.3"
"Michael Burton","CLE","RB113","6.6","13.8","0.6","5.1","33.2","0.6","0.0","11.4"
"Oscar Delp","NO","TE97","0.0","0.0","0.0","7.5","75.7","0.6","0.0","11.3"
"Cyrus Allen","KC","WR146","0.0","0.0","0.0","6.4","79.7","0.5","0.1","10.8"
"Hunter Long","JAC","TE98","0.0","0.0","0.0","5.0","44.5","1.0","0.0","10.5"
"Andrew Beck","NYJ","TE99","0.5","4.0","0.0","4.6","31.6","1.1","0.0","10.2"
"Greg Dortch","DET","WR147","4.6","24.0","0.4","4.1","39.8","0.3","0.1","10.0"
"Joe Royer","CLE","TE100","0.0","0.0","0.0","6.9","64.3","0.6","0.0","9.9"
"Ian Thomas","LV","TE101","0.0","0.0","0.0","6.9","61.9","0.6","0.0","9.6"
"Anthony Gould","IND","WR148","0.0","0.0","0.0","7.0","74.3","0.3","0.1","9.3"
"Bo Melton","GB","WR149","4.5","26.0","0.1","2.9","37.6","0.3","0.1","8.6"
"Alec Ingold","LAC","RB114","2.1","8.6","0.1","7.9","58.2","0.2","0.1","8.4"
"Blake Whiteheart","CLE","TE102","0.0","0.0","0.0","7.1","62.9","0.3","0.1","8.2"
"Mason Tipton","NO","WR150","4.3","23.6","0.2","3.3","37.5","0.2","0.1","7.8"
"Jack Stoll","CLE","TE103","0.0","0.0","0.0","5.5","47.5","0.5","0.0","7.8"
"Tyrell Shavers","BUF","WR151","0.0","0.0","0.0","4.0","52.2","0.3","0.0","6.9"
"Derius Davis","LAC","WR152","2.1","11.0","0.1","3.5","37.8","0.3","0.1","6.7"
"Adam Prentice","DEN","RB115","4.1","17.4","0.1","4.1","29.7","0.2","0.0","6.3"
"Ben Skowronek","PIT","WR153","0.0","0.0","0.0","5.4","51.0","0.2","0.0","6.3"
"David Moore","CAR","WR154","2.1","11.4","0.1","3.1","36.7","0.2","0.1","6.3"
"CJ Daniels","LAR","WR155","0.0","0.0","0.0","3.4","42.8","0.3","0.0","6.3"
"Isaiah Williams","NYJ","WR156","2.2","12.7","0.1","3.8","35.8","0.1","0.1","6.2"
"Colbie Young","CIN","WR157","0.0","0.0","0.0","3.5","43.2","0.3","0.0","6.2"
"Luke Farrell","SF","TE104","0.0","0.0","0.0","4.3","41.2","0.3","0.0","5.9"
"Brevyn Spann-Ford","DAL","TE105","0.0","0.0","0.0","3.9","36.8","0.3","0.0","5.6"
"Zavion Thomas","CHI","WR158","0.0","0.0","0.0","3.1","37.8","0.3","0.0","5.6"
"Malachi Corley","CLE","WR159","6.4","43.8","0.2","0.0","0.0","0.0","0.1","5.5"
"Jonathan Mingo","DAL","WR160","0.0","0.0","0.0","2.9","40.7","0.3","0.0","5.5"
"Justin Watson","HOU","WR161","0.0","0.0","0.0","3.1","41.6","0.2","0.0","5.4"
"CJ Dippre","NE","TE106","0.0","0.0","0.0","3.9","37.3","0.3","0.0","5.3"
"Tanner Koziol","JAC","TE107","0.0","0.0","0.0","3.9","36.6","0.3","0.0","5.3"
"Josh Cuevas","BAL","TE108","0.0","0.0","0.0","3.3","35.8","0.3","0.0","5.3"
"Tyler Conklin","DET","TE109","0.0","0.0","0.0","3.7","38.0","0.3","0.0","5.2"
"Darius Cooper","PHI","WR162","0.0","0.0","0.0","3.3","37.6","0.3","0.0","5.2"
"Eric Saubert","SEA","TE110","0.0","0.0","0.0","3.4","34.4","0.3","0.0","5.2"
"Max Bredeson","MIN","RB116","2.0","8.5","0.1","4.5","29.4","0.2","0.0","5.1"
"Lucas Krull","DEN","TE111","0.0","0.0","0.0","3.9","35.4","0.3","0.0","5.1"
"Tai Felton","MIN","WR163","0.0","0.0","0.0","3.7","37.0","0.2","0.0","5.1"
"Sam Roush","CHI","TE112","0.0","0.0","0.0","3.6","33.8","0.3","0.0","5.0"
"Drew Ogletree","IND","TE113","0.0","0.0","0.0","3.7","35.3","0.3","0.0","5.0"
"Kaleb Johnson","PIT","RB117","8.6","35.8","0.2","0.0","0.0","0.0","0.0","4.8"
"Reggie Virgil","ARI","WR164","0.0","0.0","0.0","3.4","39.3","0.1","0.0","4.7"
"Tip Reiman","ARI","TE114","0.0","0.0","0.0","3.8","34.5","0.2","0.0","4.6"
"Kaden Wetjen","PIT","WR165","2.1","11.6","0.1","1.6","18.8","0.1","0.0","4.0"
"Reggie Gilliam","NE","RB118","0.0","0.0","0.0","4.1","29.8","0.2","0.0","3.8"
"Riley Nowakowski","PIT","TE115","0.0","0.0","0.0","4.3","29.0","0.2","0.0","3.8"
"Patrick Ricard","NYG","RB119","0.0","0.0","0.0","4.0","26.9","0.1","0.0","3.5"
"Arian Smith","NYJ","WR166","4.3","23.7","0.2","0.0","0.0","0.0","0.0","3.4"
"Jimmy Horn Jr.","CAR","WR167","4.1","24.7","0.1","0.0","0.0","0.0","0.0","3.0"
"British Brooks","HOU","RB120","4.2","18.0","0.1","0.0","0.0","0.0","0.0","2.4"
"Chris Manhertz","NYG","TE116","0.0","0.0","0.0","1.8","16.3","0.1","0.0","2.3"
"Kameron Johnson","TB","WR168","2.2","12.1","0.1","0.0","0.0","0.0","0.0","1.8"
"JuJu Smith-Schuster","NYG","WR169","0.0","0.0","0.0","1.4","12.4","0.1","0.0","1.6"
"Braxton Berrios","NYG","WR170","0.0","0.0","0.0","0.0","0.0","0.0","0.0","0.0"
"Devin Duvernay","ARI","WR171","0.0","0.0","0.0","0.0","0.0","0.0","0.0","0.0"
"Mason Kinsey","TEN","WR172","0.0","0.0","0.0","0.0","0.0","0.0","0.0","0.0"
"Michael Bandy","DEN","WR173","0.0","0.0","0.0","0.0","0.0","0.0","0.0","0.0"
"Skyy Moore","GB","WR174","0.0","0.0","0.0","0.0","0.0","0.0","0.0","0.0"
"Britain Covey","PHI","WR175","0.0","0.0","0.0","0.0","0.0","0.0","0.0","0.0"
"Dareke Young","LV","WR176","0.0","0.0","0.0","0.0","0.0","0.0","0.0","0.0"
"Jacob Cowing","SF","WR177","0.0","0.0","0.0","0.0","0.0","0.0","0.0","0.0"
"Charlie Jones","CIN","WR178","0.0","0.0","0.0","0.0","0.0","0.0","0.0","0.0"
"Barion Brown","NO","WR179","0.0","0.0","0.0","0.0","0.0","0.0","0.0","0.0"
"Jalen Brooks","ARI","WR180","0.0","0.0","0.0","0.0","0.0","0.0","0.0","0.0"
"Brycen Tremayne","CAR","WR181","0.0","0.0","0.0","0.0","0.0","0.0","0.0","0.0"
"Nikko Remigio","KC","WR182","0.0","0.0","0.0","0.0","0.0","0.0","0.0","0.0"
"Jeshaun Jones","MIN","WR183","0.0","0.0","0.0","0.0","0.0","0.0","0.0","0.0"
"Efton Chism III","NE","WR184","0.0","0.0","0.0","0.0","0.0","0.0","0.0","0.0"
"LaJohntay Wester","BAL","WR185","0.0","0.0","0.0","0.0","0.0","0.0","0.0","0.0"
"Ke'Shawn Williams","CIN","WR186","0.0","0.0","0.0","0.0","0.0","0.0","0.0","0.0"
"Myles Price","MIN","WR187","0.0","0.0","0.0","0.0","0.0","0.0","0.0","0.0"
"Gage Larvadain","CLE","WR188","0.0","0.0","0.0","0.0","0.0","0.0","0.0","0.0"
"Josh Cameron","JAC","WR189","0.0","0.0","0.0","0.0","0.0","0.0","0.0","0.0"
"Johnny Mundt","PHI","TE117","0.0","0.0","0.0","0.0","0.0","0.0","0.0","0.0"
"Quintin Morris","JAC","TE118","0.0","0.0","0.0","0.0","0.0","0.0","0.0","0.0"
"Cole Turner","MIA","TE119","0.0","0.0","0.0","0.0","0.0","0.0","0.0","0.0"
"Jelani Woods","NYJ","TE120","0.0","0.0","0.0","0.0","0.0","0.0","0.0","0.0"
"Julian Hill","NE","TE121","0.0","0.0","0.0","0.0","0.0","0.0","0.0","0.0"
"DeeJay Dallas","JAC","RB121","0.0","0.0","0.0","0.0","0.0","0.0","0.0","0.0"
"Kene Nwangwu","NYJ","RB122","0.0","0.0","0.0","0.0","0.0","0.0","0.0","0.0"
"Bam Knight","ARI","RB123","0.0","0.0","0.0","0.0","0.0","0.0","0.0","0.0"
"Trey Benson","ARI","RB124","0.0","0.0","0.0","0.0","0.0","0.0","0.0","0.0"
"Jacob Saylors","DET","RB125","0.0","0.0","0.0","0.0","0.0","0.0","0.0","0.0"
"Zavier Scott","MIN","RB126","0.0","0.0","0.0","0.0","0.0","0.0","0.0","0.0"
"Rasheen Ali","BAL","RB127","0.0","0.0","0.0","0.0","0.0","0.0","0.0","0.0"
"Dylan Laube","LV","RB128","0.0","0.0","0.0","0.0","0.0","0.0","0.0","0.0"
"Chris Collier","LV","RB129","0.0","0.0","0.0","0.0","0.0","0.0","0.0","0.0"
"Josh Williams","TB","RB130","0.0","0.0","0.0","0.0","0.0","0.0","0.0","0.0"
""
""