"RK",TIERS,"PLAYER NAME",TEAM,"POS","BYE","UPSIDE ","BUST ","SOS","ECR VS ADP"
"1",1,"Ja'Marr Chase",CIN,"WR1","6","Coach Upside rating","Coach Bust rating","4 out of 5 stars","+2"
"2",1,"Bijan Robinson",ATL,"RB1","11","Coach Upside rating","Coach Bust rating","2 out of 5 stars","0"
"3",1,"Puka Nacua",LAR,"WR2","11","Coach Upside rating","Coach Bust rating","1 out of 5 stars","+1"
"4",1,"Jaxon Smith-Njigba",SEA,"WR3","11","Coach Upside rating","Coach Bust rating","3 out of 5 stars","+1"
"5",1,"Jahmyr Gibbs",DET,"RB2","6","Coach Upside rating","Coach Bust rating","5 out of 5 stars","-4"
"6",2,"Amon-Ra St. Brown",DET,"WR4","6","Coach Upside rating","Coach Bust rating","4 out of 5 stars","+1"
"7",2,"Christian McCaffrey",SF,"RB3","8","Coach Upside rating","Coach Bust rating","2 out of 5 stars","-1"
"8",2,"CeeDee Lamb",DAL,"WR5","14","Coach Upside rating","Coach Bust rating","2 out of 5 stars","+3"
"9",2,"Justin Jefferson",MIN,"WR6","6","Coach Upside rating","Coach Bust rating","5 out of 5 stars","+1"
"10",2,"Jonathan Taylor",IND,"RB4","13","Coach Upside rating","Coach Bust rating","4 out of 5 stars","-2"
"11",2,"Drake London",ATL,"WR7","11","Coach Upside rating","Coach Bust rating","3 out of 5 stars","+7"
"12",3,"Nico Collins",HOU,"WR8","8","Coach Upside rating","Coach Bust rating","3 out of 5 stars","+10"
"13",3,"A.J. Brown",NE,"WR9","11","Coach Upside rating","Coach Bust rating","2 out of 5 stars","+6"
"14",3,"Ashton Jeanty",LV,"RB5","13","Coach Upside rating","Coach Bust rating","2 out of 5 stars","-5"
"15",3,"George Pickens",DAL,"WR10","14","Coach Upside rating","Coach Bust rating","2 out of 5 stars","+9"
"16",3,"De'Von Achane",MIA,"RB6","6","Coach Upside rating","Coach Bust rating","3 out of 5 stars","+1"
"17",3,"Trey McBride",ARI,"TE1","14","Coach Upside rating","Coach Bust rating","2 out of 5 stars","+6"
"18",3,"Chris Olave",NO,"WR11","8","Coach Upside rating","Coach Bust rating","3 out of 5 stars","+10"
"19",3,"James Cook III",BUF,"RB7","7","Coach Upside rating","Coach Bust rating","2 out of 5 stars","-7"
"20",3,"Brock Bowers",LV,"TE2","13","Coach Upside rating","Coach Bust rating","3 out of 5 stars","0"
"21",3,"Chase Brown",CIN,"RB8","6","Coach Upside rating","Coach Bust rating","2 out of 5 stars","-6"
"22",3,"Rashee Rice",KC,"WR12","5","Coach Upside rating","Coach Bust rating","2 out of 5 stars","+3"
"23",4,"Josh Allen",BUF,"QB1","7","Coach Upside rating","Coach Bust rating","3 out of 5 stars","+6"
"24",4,"DeVonta Smith",PHI,"WR13","10","Coach Upside rating","Coach Bust rating","4 out of 5 stars","+3"
"25",4,"Saquon Barkley",PHI,"RB9","10","Coach Upside rating","Coach Bust rating","4 out of 5 stars","-11"
"26",4,"Omarion Hampton",LAC,"RB10","7","Coach Upside rating","Coach Bust rating","3 out of 5 stars","-13"
"27",4,"Tetairoa McMillan",CAR,"WR14","5","Coach Upside rating","Coach Bust rating","2 out of 5 stars","+13"
"28",4,"Garrett Wilson",NYJ,"WR15","13","Coach Upside rating","Coach Bust rating","4 out of 5 stars","+9"
"29",4,"Malik Nabers",NYG,"WR16","8","Coach Upside rating","Coach Bust rating","4 out of 5 stars","+9"
"30",4,"Kenneth Walker III",KC,"RB11","5","Coach Upside rating","Coach Bust rating","3 out of 5 stars","-14"
"31",4,"Zay Flowers",BAL,"WR17","13","Coach Upside rating","Coach Bust rating","4 out of 5 stars","0"
"32",4,"Tee Higgins",CIN,"WR18","6","Coach Upside rating","Coach Bust rating","4 out of 5 stars","+7"
"33",4,"Lamar Jackson",BAL,"QB2","13","Coach Upside rating","Coach Bust rating","3 out of 5 stars","+18"
"34",4,"Drake Maye",NE,"QB3","11","Coach Upside rating","Coach Bust rating","2 out of 5 stars","+27"
"35",4,"Ladd McConkey",LAC,"WR19","7","Coach Upside rating","Coach Bust rating","2 out of 5 stars","+1"
"36",4,"Jeremiyah Love",ARI,"RB12","14","Coach Upside rating","Coach Bust rating","2 out of 5 stars","-10"
"37",5,"Colston Loveland",CHI,"TE3","10","Coach Upside rating","Coach Bust rating","2 out of 5 stars","+4"
"38",5,"Derrick Henry",BAL,"RB13","13","Coach Upside rating","Coach Bust rating","3 out of 5 stars","-17"
"39",5,"Jaylen Waddle",DEN,"WR20","10","Coach Upside rating","Coach Bust rating","2 out of 5 stars","+7"
"40",5,"Breece Hall",NYJ,"RB14","13","Coach Upside rating","Coach Bust rating","3 out of 5 stars","-10"
"41",5,"Emeka Egbuka",TB,"WR21","10","Coach Upside rating","Coach Bust rating","4 out of 5 stars","-7"
"42",5,"Terry McLaurin",WAS,"WR22","7","Coach Upside rating","Coach Bust rating","2 out of 5 stars","+2"
"43",5,"Kyren Williams",LAR,"RB15","11","Coach Upside rating","Coach Bust rating","5 out of 5 stars","-11"
"44",5,"Luther Burden III",CHI,"WR23","10","Coach Upside rating","Coach Bust rating","3 out of 5 stars","-1"
"45",5,"Joe Burrow",CIN,"QB4","6","Coach Upside rating","Coach Bust rating","3 out of 5 stars","+14"
"46",5,"Josh Jacobs",GB,"RB16","11","Coach Upside rating","Coach Bust rating","4 out of 5 stars","-4"
"47",5,"Travis Etienne Jr.",NO,"RB17","8","Coach Upside rating","Coach Bust rating","3 out of 5 stars","-12"
"48",5,"Javonte Williams",DAL,"RB18","14","Coach Upside rating","Coach Bust rating","4 out of 5 stars","-15"
"49",5,"Davante Adams",LAR,"WR24","11","Coach Upside rating","Coach Bust rating","1 out of 5 stars","-2"
"50",5,"Mike Evans",SF,"WR25","8","Coach Upside rating","Coach Bust rating","2 out of 5 stars","+4"
"51",6,"Jameson Williams",DET,"WR26","6","Coach Upside rating","Coach Bust rating","4 out of 5 stars","-2"
"52",6,"Tyler Warren",IND,"TE4","13","Coach Upside rating","Coach Bust rating","3 out of 5 stars","+12"
"53",6,"DJ Moore",BUF,"WR27","7","Coach Upside rating","Coach Bust rating","4 out of 5 stars","+2"
"54",6,"Christian Watson",GB,"WR28","11","Coach Upside rating","Coach Bust rating","5 out of 5 stars","-1"
"55",6,"Jayden Daniels",WAS,"QB5","7","Coach Upside rating","Coach Bust rating","2 out of 5 stars","+10"
"56",6,"Cam Skattebo",NYG,"RB19","8","Coach Upside rating","Coach Bust rating","4 out of 5 stars","-11"
"57",6,"Jalen Hurts",PHI,"QB6","10","Coach Upside rating","Coach Bust rating","5 out of 5 stars","+17"
"58",6,"Bucky Irving",TB,"RB20","10","Coach Upside rating","Coach Bust rating","2 out of 5 stars","+2"
"59",6,"Quinshon Judkins",CLE,"RB21","11","Coach Upside rating","Coach Bust rating","3 out of 5 stars","-3"
"60",6,"TreVeyon Henderson",NE,"RB22","11","Coach Upside rating","Coach Bust rating","2 out of 5 stars","-8"
"61",6,"Rome Odunze",CHI,"WR29","10","Coach Upside rating","Coach Bust rating","3 out of 5 stars","-3"
"62",6,"D'Andre Swift",CHI,"RB23","10","Coach Upside rating","Coach Bust rating","2 out of 5 stars","-12"
"63",6,"Carnell Tate",TEN,"WR30","9","Coach Upside rating","Coach Bust rating","3 out of 5 stars","-1"
"64",6,"David Montgomery",HOU,"RB24","8","Coach Upside rating","Coach Bust rating","4 out of 5 stars","-16"
"65",6,"Caleb Williams",CHI,"QB7","10","Coach Upside rating","Coach Bust rating","3 out of 5 stars","+6"
"66",6,"Jaylen Warren",PIT,"RB25","9","Coach Upside rating","Coach Bust rating","2 out of 5 stars","+4"
"67",6,"Marvin Harrison Jr.",ARI,"WR31","14","Coach Upside rating","Coach Bust rating","2 out of 5 stars","0"
"68",6,"Justin Herbert",LAC,"QB8","7","Coach Upside rating","Coach Bust rating","2 out of 5 stars","+7"
"69",6,"Harold Fannin Jr.",CLE,"TE5","11","Coach Upside rating","Coach Bust rating","3 out of 5 stars","+24"
"70",7,"Bhayshul Tuten",JAC,"RB26","7","Coach Upside rating","Coach Bust rating","4 out of 5 stars","-13"
"71",7,"Alec Pierce",IND,"WR32","13","Coach Upside rating","Coach Bust rating","4 out of 5 stars","+11"
"72",7,"Tucker Kraft",GB,"TE6","11","Coach Upside rating","Coach Bust rating","2 out of 5 stars","+11"
"73",7,"Courtland Sutton",DEN,"WR33","10","Coach Upside rating","Coach Bust rating","2 out of 5 stars","+4"
"74",7,"DK Metcalf",PIT,"WR34","9","Coach Upside rating","Coach Bust rating","3 out of 5 stars","-2"
"75",7,"Jadarian Price",SEA,"RB27","11","Coach Upside rating","Coach Bust rating","4 out of 5 stars","-7"
"76",7,"Chris Godwin Jr.",TB,"WR35","10","Coach Upside rating","Coach Bust rating","4 out of 5 stars","+10"
"77",7,"Trevor Lawrence",JAC,"QB9","7","Coach Upside rating","Coach Bust rating","4 out of 5 stars","+4"
"78",7,"Kyle Pitts Sr.",ATL,"TE7","11","Coach Upside rating","Coach Bust rating","3 out of 5 stars","+12"
"79",7,"Chuba Hubbard",CAR,"RB28","5","Coach Upside rating","Coach Bust rating","1 out of 5 stars","-3"
"80",7,"Tony Pollard",TEN,"RB29","9","Coach Upside rating","Coach Bust rating","3 out of 5 stars","-7"
"81",7,"Dak Prescott",DAL,"QB10","14","Coach Upside rating","Coach Bust rating","2 out of 5 stars","-1"
"82",7,"Michael Wilson",ARI,"WR36","14","Coach Upside rating–No rating available","Coach Bust rating–No rating available","2 out of 5 stars","+9"
"83",7,"Rhamondre Stevenson",NE,"RB30","11","Coach Upside rating","Coach Bust rating","2 out of 5 stars","-5"
"84",7,"Michael Pittman Jr.",PIT,"WR37","9","Coach Upside rating","Coach Bust rating","3 out of 5 stars","+3"
"85",7,"Jordyn Tyson",NO,"WR38","8","Coach Upside rating","Coach Bust rating","3 out of 5 stars","-16"
"86",7,"Rico Dowdle",PIT,"RB31","9","Coach Upside rating","Coach Bust rating","2 out of 5 stars","+3"
"87",7,"Jaxson Dart",NYG,"QB11","8","Coach Upside rating","Coach Bust rating","4 out of 5 stars","+12"
"88",7,"RJ Harvey",DEN,"RB32","10","Coach Upside rating","Coach Bust rating","2 out of 5 stars","-4"
"89",7,"Brian Thomas Jr.",JAC,"WR39","7","Coach Upside rating","Coach Bust rating","4 out of 5 stars","-26"
"90",7,"Sam LaPorta",DET,"TE8","6","Coach Upside rating","Coach Bust rating","3 out of 5 stars","+6"
"91",7,"Wan'Dale Robinson",TEN,"WR40","9","Coach Upside rating","Coach Bust rating","3 out of 5 stars","+19"
"92",7,"Jakobi Meyers",JAC,"WR41","7","Coach Upside rating","Coach Bust rating","4 out of 5 stars","+13"
"93",7,"Makai Lemon",PHI,"WR42","10","Coach Upside rating","Coach Bust rating","4 out of 5 stars","-5"
"94",7,"Brock Purdy",SF,"QB12","8","Coach Upside rating","Coach Bust rating","1 out of 5 stars","0"
"95",7,"Parker Washington",JAC,"WR43","7","Coach Upside rating","Coach Bust rating","4 out of 5 stars","-29"
"96",7,"Josh Downs",IND,"WR44","13","Coach Upside rating","Coach Bust rating","4 out of 5 stars","+1"
"97",8,"Travis Kelce",KC,"TE9","5","Coach Upside rating","Coach Bust rating","4 out of 5 stars","+19"
"98",8,"Kyle Monangai",CHI,"RB33","10","Coach Upside rating","Coach Bust rating","2 out of 5 stars","+2"
"99",8,"Patrick Mahomes II",KC,"QB13","5","Coach Upside rating","Coach Bust rating","2 out of 5 stars","-1"
"100",8,"Kenny Gainwell",TB,"RB34","10","Coach Upside rating","Coach Bust rating","2 out of 5 stars","-15"
"101",8,"Bo Nix",DEN,"QB14","10","Coach Upside rating","Coach Bust rating","3 out of 5 stars","+10"
"102",8,"Ricky Pearsall",SF,"WR45","8","Coach Upside rating","Coach Bust rating","2 out of 5 stars","+1"
"103",8,"Matthew Stafford",LAR,"QB15","11","Coach Upside rating","Coach Bust rating","3 out of 5 stars","-8"
"104",8,"J.K. Dobbins",DEN,"RB35","10","Coach Upside rating","Coach Bust rating","2 out of 5 stars","+5"
"105",8,"Jake Ferguson",DAL,"TE10","14","Coach Upside rating","Coach Bust rating","2 out of 5 stars","+20"
"106",8,"Aaron Jones Sr.",MIN,"RB36","6","Coach Upside rating","Coach Bust rating","4 out of 5 stars","+18"
"107",8,"Blake Corum",LAR,"RB37","11","Coach Upside rating","Coach Bust rating","5 out of 5 stars","-6"
"108",8,"Quentin Johnston",LAC,"WR46","7","Coach Upside rating","Coach Bust rating","2 out of 5 stars","-29"
"109",8,"Jordan Addison",MIN,"WR47","6","Coach Upside rating","Coach Bust rating","5 out of 5 stars","-5"
"110",8,"Jared Goff",DET,"QB16","6","Coach Upside rating","Coach Bust rating","5 out of 5 stars","-4"
"111",8,"Dalton Kincaid",BUF,"TE11","7","Coach Upside rating","Coach Bust rating","3 out of 5 stars","+7"
"112",8,"Kyler Murray",MIN,"QB17","6","Coach Upside rating","Coach Bust rating","5 out of 5 stars","+1"
"113",8,"Jayden Reed",GB,"WR48","11","Coach Upside rating","Coach Bust rating","5 out of 5 stars","-21"
"114",8,"Rachaad White",WAS,"RB38","7","Coach Upside rating","Coach Bust rating","4 out of 5 stars","-6"
"115",8,"George Kittle",SF,"TE12","8","Coach Upside rating","Coach Bust rating","3 out of 5 stars","-1"
"116",8,"Khalil Shakir",BUF,"WR49","7","Coach Upside rating","Coach Bust rating","4 out of 5 stars","+7"
"117",8,"Jordan Love",GB,"QB18","11","Coach Upside rating","Coach Bust rating","4 out of 5 stars","-2"
"118",8,"Baker Mayfield",TB,"QB19","10","Coach Upside rating","Coach Bust rating","2 out of 5 stars","-6"
"119",8,"Isaiah Likely",NYG,"TE13","8","Coach Upside rating","Coach Bust rating","3 out of 5 stars","+7"
"120",8,"Dallas Goedert",PHI,"TE14","10","Coach Upside rating","Coach Bust rating","4 out of 5 stars","+13"
"121",8,"Jayden Higgins",HOU,"WR50","8","Coach Upside rating","Coach Bust rating","3 out of 5 stars","+1"
"122",8,"Tyler Shough",NO,"QB20","8","Coach Upside rating","Coach Bust rating","3 out of 5 stars","-5"
"123",8,"Xavier Worthy",KC,"WR51","5","Coach Upside rating","Coach Bust rating","2 out of 5 stars","-16"
"124",8,"Jacory Croskey-Merritt",WAS,"RB39","7","Coach Upside rating","Coach Bust rating","4 out of 5 stars","+7"
"125",8,"KC Concepcion",CLE,"WR52","11","Coach Upside rating","Coach Bust rating","3 out of 5 stars","+2"
"126",9,"Tyrone Tracy Jr.",NYG,"RB40","8","Coach Upside rating","Coach Bust rating","4 out of 5 stars","+3"
"127",9,"Romeo Doubs",NE,"WR53","11","Coach Upside rating","Coach Bust rating","2 out of 5 stars","-7"
"128",9,"Malik Willis",MIA,"QB21","6","Coach Upside rating","Coach Bust rating","3 out of 5 stars","+2"
"129",9,"Jordan Mason",MIN,"RB41","6","Coach Upside rating","Coach Bust rating","4 out of 5 stars","-8"
"130",9,"Jalen Coker",CAR,"WR54","5","Coach Upside rating","Coach Bust rating","2 out of 5 stars","-2"
"131",9,"Mark Andrews",BAL,"TE15","13","Coach Upside rating","Coach Bust rating","4 out of 5 stars","+1"
"132",9,"Woody Marks",HOU,"RB42","8","Coach Upside rating","Coach Bust rating","4 out of 5 stars","+9"
"133",9,"Tyler Allgeier",ARI,"RB43","14","Coach Upside rating","Coach Bust rating","2 out of 5 stars","+13"
"134",9,"C.J. Stroud",HOU,"QB22","8","Coach Upside rating","Coach Bust rating","4 out of 5 stars","+3"
"135",9,"Zach Charbonnet",SEA,"RB44","11","Coach Upside rating","Coach Bust rating","4 out of 5 stars","+23"
"136",9,"Matthew Golden",GB,"WR55","11","Coach Upside rating","Coach Bust rating","5 out of 5 stars","-17"
"137",9,"Sam Darnold",SEA,"QB23","11","Coach Upside rating","Coach Bust rating","4 out of 5 stars","+5"
"138",9,"Juwan Johnson",NO,"TE16","8","Coach Upside rating","Coach Bust rating","2 out of 5 stars","+9"
"139",9,"Jonathon Brooks",CAR,"RB45","5","Coach Upside rating","Coach Bust rating","1 out of 5 stars","-37"
"140",9,"Tyjae Spears",TEN,"RB46","9","Coach Upside rating","Coach Bust rating","3 out of 5 stars","+14"
"141",9,"Chris Rodriguez Jr.",JAC,"RB47","7","Coach Upside rating","Coach Bust rating","4 out of 5 stars","-6"
"142",9,"Dylan Sampson",CLE,"RB48","11","Coach Upside rating","Coach Bust rating","3 out of 5 stars","+9"
"143",9,"Isiah Pacheco",DET,"RB49","6","Coach Upside rating","Coach Bust rating","5 out of 5 stars","+6"
"144",9,"Cam Ward",TEN,"QB24","9","Coach Upside rating","Coach Bust rating","3 out of 5 stars","-4"
"145",9,"Brenton Strange",JAC,"TE17","7","Coach Upside rating","Coach Bust rating","3 out of 5 stars","+3"
"146",9,"Alvin Kamara",NO,"RB50","8","Coach Upside rating","Coach Bust rating","3 out of 5 stars","+25"
"147",9,"Rashid Shaheed",SEA,"WR56","11","Coach Upside rating","Coach Bust rating","3 out of 5 stars","-9"
"148",9,"Jerry Jeudy",CLE,"WR57","11","Coach Upside rating","Coach Bust rating","3 out of 5 stars","+26"
"149",9,"Jauan Jennings",MIN,"WR58","6","Coach Upside rating","Coach Bust rating","5 out of 5 stars","+3"
"150",9,"Oronde Gadsden II",LAC,"TE18","7","Coach Upside rating","Coach Bust rating","4 out of 5 stars","-11"
"151",9,"Omar Cooper Jr.",NYJ,"WR59","13","Coach Upside rating","Coach Bust rating","4 out of 5 stars","+8"
"152",9,"Daniel Jones",IND,"QB25","13","Coach Upside rating","Coach Bust rating","4 out of 5 stars","-7"
"153",9,"Denzel Boston",CLE,"WR60","11","Coach Upside rating","Coach Bust rating","3 out of 5 stars","+2"
"154",9,"Bryce Young",CAR,"QB26","5","Coach Upside rating","Coach Bust rating","2 out of 5 stars","+2"
"155",9,"Hunter Henry",NE,"TE19","11","Coach Upside rating","Coach Bust rating","4 out of 5 stars","+2"
"156",9,"Keaton Mitchell",LAC,"RB51","7","Coach Upside rating","Coach Bust rating","3 out of 5 stars","-20"
"157",10,"Houston Texans",HOU,"DST1","8","Coach Upside rating–No rating available","Coach Bust rating–No rating available","2 out of 5 stars","+41"
"158",10,"Jonah Coleman",DEN,"RB52","10","Coach Upside rating","Coach Bust rating","2 out of 5 stars","+3"
"159",10,"Brian Robinson Jr.",ATL,"RB53","11","Coach Upside rating","Coach Bust rating","2 out of 5 stars","+11"
"160",10,"Chig Okonkwo",WAS,"TE20","7","Coach Upside rating","Coach Bust rating","1 out of 5 stars","-17"
"161",10,"Jalen McMillan",TB,"WR61","10","Coach Upside rating","Coach Bust rating","4 out of 5 stars","-17"
"162",10,"Adonai Mitchell",NYJ,"WR62","13","Coach Upside rating","Coach Bust rating","4 out of 5 stars","+16"
"163",10,"Dalton Schultz",HOU,"TE21","8","Coach Upside rating","Coach Bust rating","4 out of 5 stars","+12"
"164",10,"Travis Hunter",JAC,"WR63","7","Coach Upside rating","Coach Bust rating","4 out of 5 stars","+2"
"165",10,"Braelon Allen",NYJ,"RB54","13","Coach Upside rating","Coach Bust rating","3 out of 5 stars","+22"
"166",10,"Tank Bigsby",PHI,"RB55","10","Coach Upside rating","Coach Bust rating","4 out of 5 stars","-2"
"167",10,"Tre' Harris",LAC,"WR64","7","Coach Upside rating","Coach Bust rating","2 out of 5 stars","-4"
"168",10,"Tre Tucker",LV,"WR65","13","Coach Upside rating","Coach Bust rating","2 out of 5 stars","-18"
"169",10,"Kayshon Boutte",NE,"WR66","11","Coach Upside rating","Coach Bust rating","2 out of 5 stars","+41"
"170",10,"James Conner",ARI,"RB56","14","Coach Upside rating","Coach Bust rating","2 out of 5 stars","+48"
"171",10,"Denver Broncos",DEN,"DST2","10","Coach Upside rating–No rating available","Coach Bust rating–No rating available","4 out of 5 stars","+44"
"172",10,"T.J. Hockenson",MIN,"TE22","6","Coach Upside rating","Coach Bust rating","4 out of 5 stars","-4"
"173",10,"Troy Franklin",DEN,"WR67","10","Coach Upside rating","Coach Bust rating","2 out of 5 stars","+47"
"174",10,"Ryan Flournoy",DAL,"WR68","14","Coach Upside rating","Coach Bust rating","2 out of 5 stars","-12"
"175",10,"Seattle Seahawks",SEA,"DST3","11","Coach Upside rating–No rating available","Coach Bust rating–No rating available","2 out of 5 stars","+38"
"176",10,"Los Angeles Rams",LAR,"DST4","11","Coach Upside rating–No rating available","Coach Bust rating–No rating available","2 out of 5 stars","+28"
"177",10,"Emanuel Wilson",SEA,"RB57","11","Coach Upside rating","Coach Bust rating","4 out of 5 stars","+28"
"178",10,"Stefon Diggs",FA,"WR69","-","Coach Upside rating","Coach Bust rating","-","-44"
"179",10,"Philadelphia Eagles",PHI,"DST5","10","Coach Upside rating–No rating available","Coach Bust rating–No rating available","0 out of 5 stars","+44"
"180",10,"Kimani Vidal",LAC,"RB58","7","Coach Upside rating–No rating available","Coach Bust rating–No rating available","3 out of 5 stars","+12"
"181",10,"Deebo Samuel Sr.",FA,"WR70","-","Coach Upside rating–No rating available","Coach Bust rating–No rating available","-","-16"
"182",10,"Emmett Johnson",KC,"RB59","5","Coach Upside rating","Coach Bust rating","3 out of 5 stars","-5"
"183",10,"Calvin Ridley",TEN,"WR71","9","Coach Upside rating","Coach Bust rating","3 out of 5 stars","+5"
"184",10,"Jaylin Noel",HOU,"WR72","8","Coach Upside rating","Coach Bust rating","3 out of 5 stars","+60"
"185",10,"Jacoby Brissett",ARI,"QB27","14","Coach Upside rating","Coach Bust rating","2 out of 5 stars","-9"
"186",10,"Kenyon Sadiq",NYJ,"TE23","13","Coach Upside rating","Coach Bust rating","4 out of 5 stars","-26"
"187",10,"Isaac TeSlaa",DET,"WR73","6","Coach Upside rating","Coach Bust rating","4 out of 5 stars","-18"
"188",10,"Darnell Mooney",NYG,"WR74","8","Coach Upside rating","Coach Bust rating","4 out of 5 stars","+9"
"189",10,"AJ Barner",SEA,"TE24","11","Coach Upside rating","Coach Bust rating","3 out of 5 stars","-5"
"190",10,"Brandon Aubrey",DAL,"K1","14","Coach Upside rating","Coach Bust rating","2 out of 5 stars","-"
"191",10,"Pittsburgh Steelers",PIT,"DST6","9","Coach Upside rating–No rating available","Coach Bust rating–No rating available","5 out of 5 stars","+37"
"192",10,"Minnesota Vikings",MIN,"DST7","6","Coach Upside rating–No rating available","Coach Bust rating–No rating available","1 out of 5 stars","+37"
"193",10,"New England Patriots",NE,"DST8","11","Coach Upside rating–No rating available","Coach Bust rating–No rating available","3 out of 5 stars","+29"
"194",10,"Jacksonville Jaguars",JAC,"DST9","7","Coach Upside rating–No rating available","Coach Bust rating–No rating available","3 out of 5 stars","+33"
"195",10,"Pat Bryant",DEN,"WR75","10","Coach Upside rating–No rating available","Coach Bust rating–No rating available","2 out of 5 stars","+45"
"196",10,"Ray Davis",BUF,"RB60","7","Coach Upside rating–No rating available","Coach Bust rating–No rating available","2 out of 5 stars","-10"
"197",10,"Mike Washington Jr.",LV,"RB61","13","Coach Upside rating","Coach Bust rating","2 out of 5 stars","-6"
"198",10,"Brandon Aiyuk",SF,"WR76","8","Coach Upside rating","Coach Bust rating","2 out of 5 stars","-8"
"199",11,"Los Angeles Chargers",LAC,"DST10","7","Coach Upside rating–No rating available","Coach Bust rating–No rating available","3 out of 5 stars","+34"
"200",11,"Cameron Dicker",LAC,"K2","7","Coach Upside rating–No rating available","Coach Bust rating–No rating available","2 out of 5 stars","-"
"201",11,"Ka'imi Fairbairn",HOU,"K3","8","Coach Upside rating","Coach Bust rating","2 out of 5 stars","-"
"202",11,"Sean Tucker",TB,"RB62","10","Coach Upside rating","Coach Bust rating","2 out of 5 stars","-20"
"203",11,"Chimere Dike",TEN,"WR77","9","Coach Upside rating","Coach Bust rating","3 out of 5 stars","+120"
"204",11,"Jason Myers",SEA,"K4","11","Coach Upside rating–No rating available","Coach Bust rating–No rating available","4 out of 5 stars","-"
"205",11,"Jalen Nailor",LV,"WR78","13","Coach Upside rating–No rating available","Coach Bust rating–No rating available","2 out of 5 stars","-52"
"206",11,"Malik Washington",MIA,"WR79","6","Coach Upside rating–No rating available","Coach Bust rating–No rating available","3 out of 5 stars","-27"
"207",11,"Dontayvion Wicks",PHI,"WR80","10","Coach Upside rating–No rating available","Coach Bust rating–No rating available","4 out of 5 stars","+2"
"208",11,"Cam Little",JAC,"K5","7","Coach Upside rating–No rating available","Coach Bust rating–No rating available","4 out of 5 stars","-"
"209",11,"Gunnar Helm",TEN,"TE25","9","Coach Upside rating–No rating available","Coach Bust rating–No rating available","3 out of 5 stars","-24"
"210",11,"Green Bay Packers",GB,"DST11","11","Coach Upside rating–No rating available","Coach Bust rating–No rating available","2 out of 5 stars","+35"
"211",11,"Antonio Williams",WAS,"WR81","7","Coach Upside rating–No rating available","Coach Bust rating–No rating available","2 out of 5 stars","-39"
"212",11,"Eddy Pineiro",SF,"K6","8","Coach Upside rating–No rating available","Coach Bust rating–No rating available","5 out of 5 stars","-"
"213",11,"Tyler Loop",BAL,"K7","13","Coach Upside rating–No rating available","Coach Bust rating–No rating available","3 out of 5 stars","-"
"214",11,"Baltimore Ravens",BAL,"DST12","13","Coach Upside rating–No rating available","Coach Bust rating–No rating available","5 out of 5 stars","+20"
"215",11,"Kansas City Chiefs",KC,"DST13","5","Coach Upside rating–No rating available","Coach Bust rating–No rating available","3 out of 5 stars","+36"
"216",11,"Evan McPherson",CIN,"K8","6","Coach Upside rating–No rating available","Coach Bust rating–No rating available","2 out of 5 stars","-"
"217",11,"Jaylen Wright",MIA,"RB63","6","Coach Upside rating–No rating available","Coach Bust rating–No rating available","3 out of 5 stars","+14"
"218",11,"Cleveland Browns",CLE,"DST14","11","Coach Upside rating–No rating available","Coach Bust rating–No rating available","5 out of 5 stars","+18"
"219",11,"Nicholas Singleton",TEN,"RB64","9","Coach Upside rating","Coach Bust rating","3 out of 5 stars","-23"
"220",11,"Cairo Santos",CHI,"K9","10","Coach Upside rating–No rating available","Coach Bust rating–No rating available","0 out of 5 stars","-"
"221",11,"De'Zhaun Stribling",SF,"WR82","8","Coach Upside rating–No rating available","Coach Bust rating–No rating available","2 out of 5 stars","-20"
"222",11,"Geno Smith",NYJ,"QB28","13","Coach Upside rating–No rating available","Coach Bust rating–No rating available","4 out of 5 stars","-42"
"223",11,"Detroit Lions",DET,"DST15","6","Coach Upside rating–No rating available","Coach Bust rating–No rating available","5 out of 5 stars","+26"
"224",11,"Andy Borregales",NE,"K10","11","Coach Upside rating–No rating available","Coach Bust rating–No rating available","1 out of 5 stars","-"
"225",11,"Cooper Kupp",SEA,"WR83","11","Coach Upside rating–No rating available","Coach Bust rating–No rating available","3 out of 5 stars","-11"
"226",11,"Elic Ayomanor",TEN,"WR84","9","Coach Upside rating–No rating available","Coach Bust rating–No rating available","3 out of 5 stars","+71"
"227",11,"David Njoku",LAC,"TE26","7","Coach Upside rating–No rating available","Coach Bust rating–No rating available","4 out of 5 stars","-16"
"228",11,"Germie Bernard",PIT,"WR85","9","Coach Upside rating–No rating available","Coach Bust rating–No rating available","3 out of 5 stars","-20"
"229",11,"Tank Dell",HOU,"WR86","8","Coach Upside rating–No rating available","Coach Bust rating–No rating available","3 out of 5 stars","-30"
"230",11,"Kaytron Allen",WAS,"RB65","7","Coach Upside rating","Coach Bust rating","4 out of 5 stars","-49"
"231",11,"Jake Bates",DET,"K11","6","Coach Upside rating–No rating available","Coach Bust rating–No rating available","5 out of 5 stars","-"
"232",11,"Buffalo Bills",BUF,"DST16","7","Coach Upside rating–No rating available","Coach Bust rating–No rating available","3 out of 5 stars","+15"
"233",11,"Rashod Bateman",BAL,"WR87","13","Coach Upside rating–No rating available","Coach Bust rating–No rating available","4 out of 5 stars","+31"
"234",11,"Chase McLaughlin",TB,"K12","10","Coach Upside rating–No rating available","Coach Bust rating–No rating available","3 out of 5 stars","-"
"235",11,"Aaron Rodgers",PIT,"QB29","9","Coach Upside rating–No rating available","Coach Bust rating–No rating available","2 out of 5 stars","-68"
"236",11,"Ted Hurst III",TB,"WR88","10","Coach Upside rating–No rating available","Coach Bust rating–No rating available","4 out of 5 stars","+3"
"237",11,"Terrance Ferguson",LAR,"TE27","11","Coach Upside rating–No rating available","Coach Bust rating–No rating available","4 out of 5 stars","-30"
"238",11,"Pat Freiermuth",PIT,"TE28","9","Coach Upside rating–No rating available","Coach Bust rating–No rating available","2 out of 5 stars","-43"
"239",11,"Cade Otton",TB,"TE29","10","Coach Upside rating–No rating available","Coach Bust rating–No rating available","2 out of 5 stars","-46"
"240",11,"Justice Hill",BAL,"RB66","13","Coach Upside rating–No rating available","Coach Bust rating–No rating available","3 out of 5 stars","-19"
"241",11,"Fernando Mendoza",LV,"QB30","13","Coach Upside rating–No rating available","Coach Bust rating–No rating available","1 out of 5 stars","-68"
"242",11,"Zachariah Branch",ATL,"WR89","11","Coach Upside rating–No rating available","Coach Bust rating–No rating available","3 out of 5 stars","-53"
"243",11,"Ollie Gordon II",MIA,"RB67","6","Coach Upside rating–No rating available","Coach Bust rating–No rating available","3 out of 5 stars","+77"
"244",11,"Tyreek Hill",FA,"WR90","-","Coach Upside rating–No rating available","Coach Bust rating–No rating available","-","-19"
"245",11,"Harrison Mevis",LAR,"K13","11","Coach Upside rating–No rating available","Coach Bust rating–No rating available","2 out of 5 stars","-"
"246",11,"Jack Bech",LV,"WR91","13","Coach Upside rating–No rating available","Coach Bust rating–No rating available","2 out of 5 stars","+144"
"247",11,"Colby Parkinson",LAR,"TE30","11","Coach Upside rating–No rating available","Coach Bust rating–No rating available","4 out of 5 stars","-28"
"248",11,"Harrison Butker",KC,"K14","5","Coach Upside rating–No rating available","Coach Bust rating–No rating available","5 out of 5 stars","-"
"249",12,"Evan Engram",DEN,"TE31","10","Coach Upside rating–No rating available","Coach Bust rating–No rating available","4 out of 5 stars","+5"
"250",12,"Chris Bell",MIA,"WR92","6","Coach Upside rating–No rating available","Coach Bust rating–No rating available","3 out of 5 stars","0"
"251",12,"Keon Coleman",BUF,"WR93","7","Coach Upside rating–No rating available","Coach Bust rating–No rating available","4 out of 5 stars","-10"
"252",12,"Christian Kirk",SF,"WR94","8","Coach Upside rating–No rating available","Coach Bust rating–No rating available","2 out of 5 stars","-46"
"253",12,"Mason Taylor",NYJ,"TE32","13","Coach Upside rating–No rating available","Coach Bust rating–No rating available","4 out of 5 stars","+22"
"254",12,"Theo Johnson",NYG,"TE33","8","Coach Upside rating–No rating available","Coach Bust rating–No rating available","3 out of 5 stars","+29"
"255",12,"Chris Boswell",PIT,"K15","9","Coach Upside rating–No rating available","Coach Bust rating–No rating available","4 out of 5 stars","-"
"256",12,"Ty Johnson",BUF,"RB68","7","Coach Upside rating–No rating available","Coach Bust rating–No rating available","2 out of 5 stars","0"
"257",12,"Devin Neal",NO,"RB69","8","Coach Upside rating–No rating available","Coach Bust rating–No rating available","3 out of 5 stars","+140"
"258",12,"Elijah Sarratt",BAL,"WR95","13","Coach Upside rating–No rating available","Coach Bust rating–No rating available","4 out of 5 stars","-10"
"259",12,"Eli Stowers",PHI,"TE34","10","Coach Upside rating–No rating available","Coach Bust rating–No rating available","4 out of 5 stars","-29"
"260",12,"MarShawn Lloyd",GB,"RB70","11","Coach Upside rating–No rating available","Coach Bust rating–No rating available","4 out of 5 stars","-60"
"261",12,"Tory Horton",SEA,"WR96","11","Coach Upside rating–No rating available","Coach Bust rating–No rating available","3 out of 5 stars","-3"
"262",12,"Michael Penix Jr.",ATL,"QB31","11","Coach Upside rating–No rating available","Coach Bust rating–No rating available","4 out of 5 stars","-38"
"263",12,"Malachi Fields",NYG,"WR97","8","Coach Upside rating–No rating available","Coach Bust rating–No rating available","4 out of 5 stars","+6"
"264",12,"Isaiah Davis",NYJ,"RB71","13","Coach Upside rating–No rating available","Coach Bust rating–No rating available","3 out of 5 stars","+130"
"265",12,"Chris Brooks",GB,"RB72","11","Coach Upside rating–No rating available","Coach Bust rating–No rating available","4 out of 5 stars","+30"
"266",12,"Jaydon Blue",DAL,"RB73","14","Coach Upside rating–No rating available","Coach Bust rating–No rating available","4 out of 5 stars","-64"
"267",12,"Trey Benson",ARI,"RB74","14","Coach Upside rating–No rating available","Coach Bust rating–No rating available","2 out of 5 stars","+122"
"268",12,"DJ Giddens",IND,"RB75","13","Coach Upside rating–No rating available","Coach Bust rating–No rating available","4 out of 5 stars","-6"
"269",12,"Marvin Mims Jr.",DEN,"WR98","10","Coach Upside rating–No rating available","Coach Bust rating–No rating available","2 out of 5 stars","+137"
"270",12,"Samaje Perine",CIN,"RB76","6","Coach Upside rating–No rating available","Coach Bust rating–No rating available","2 out of 5 stars","-27"
"271",12,"Tua Tagovailoa",ATL,"QB32","11","Coach Upside rating–No rating available","Coach Bust rating–No rating available","4 out of 5 stars","-77"
"272",12,"Darius Slayton",NYG,"WR99","8","Coach Upside rating–No rating available","Coach Bust rating–No rating available","4 out of 5 stars","+20"
"273",12,"Kaleb Johnson",PIT,"RB77","9","Coach Upside rating–No rating available","Coach Bust rating–No rating available","2 out of 5 stars","+120"
"274",12,"Xavier Legette",CAR,"WR100","5","Coach Upside rating–No rating available","Coach Bust rating–No rating available","2 out of 5 stars","+134"
"275",12,"Jordan James",SF,"RB78","8","Coach Upside rating–No rating available","Coach Bust rating–No rating available","2 out of 5 stars","-72"
"276",12,"Malik Davis",DAL,"RB79","14","Coach Upside rating–No rating available","Coach Bust rating–No rating available","4 out of 5 stars","+34"
"277",12,"Mack Hollins",NE,"WR101","11","Coach Upside rating–No rating available","Coach Bust rating–No rating available","2 out of 5 stars","+115"
"278",12,"Tyquan Thornton",KC,"WR102","5","Coach Upside rating–No rating available","Coach Bust rating–No rating available","2 out of 5 stars","-25"
"279",12,"Seth McGowan",IND,"RB80","13","Coach Upside rating–No rating available","Coach Bust rating–No rating available","4 out of 5 stars","+103"
"280",12,"Demond Claiborne",MIN,"RB81","6","Coach Upside rating–No rating available","Coach Bust rating–No rating available","4 out of 5 stars","-68"
"281",12,"Chris Brazzell II",CAR,"WR103","5","Coach Upside rating–No rating available","Coach Bust rating–No rating available","2 out of 5 stars","0"
"282",12,"LeQuint Allen Jr.",JAC,"RB82","7","Coach Upside rating–No rating available","Coach Bust rating–No rating available","4 out of 5 stars","-16"
"283",12,"George Holani",SEA,"RB83","11","Coach Upside rating–No rating available","Coach Bust rating–No rating available","4 out of 5 stars","-67"
"284",12,"Devaughn Vele",NO,"WR104","8","Coach Upside rating–No rating available","Coach Bust rating–No rating available","3 out of 5 stars","+1"
"285",12,"Atlanta Falcons",ATL,"DST17","11","Coach Upside rating–No rating available","Coach Bust rating–No rating available","4 out of 5 stars","-39"
"286",12,"Wil Lutz",DEN,"K16","10","Coach Upside rating–No rating available","Coach Bust rating–No rating available","1 out of 5 stars","-"
"287",12,"Kyle Williams",NE,"WR105","11","Coach Upside rating–No rating available","Coach Bust rating–No rating available","2 out of 5 stars","+120"
"288",12,"Keenan Allen",LAC,"WR106","7","Coach Upside rating–No rating available","Coach Bust rating–No rating available","2 out of 5 stars","-20"
"289",12,"Kendre Miller",NO,"RB84","8","Coach Upside rating–No rating available","Coach Bust rating–No rating available","3 out of 5 stars","+67"
"290",12,"Will Reichard",MIN,"K17","6","Coach Upside rating–No rating available","Coach Bust rating–No rating available","2 out of 5 stars","-"
"291",12,"San Francisco 49ers",SF,"DST18","8","Coach Upside rating–No rating available","Coach Bust rating–No rating available","3 out of 5 stars","-34"
"292",12,"Brashard Smith",KC,"RB85","5","Coach Upside rating–No rating available","Coach Bust rating–No rating available","3 out of 5 stars","+112"
"293",12,"Shedeur Sanders",CLE,"QB33","11","Coach Upside rating–No rating available","Coach Bust rating–No rating available","4 out of 5 stars","-51"
"294",12,"Jaleel McLaughlin",DEN,"RB86","10","Coach Upside rating–No rating available","Coach Bust rating–No rating available","2 out of 5 stars","-"
"295",12,"Greg Dulcich",MIA,"TE35","6","Coach Upside rating–No rating available","Coach Bust rating–No rating available","5 out of 5 stars","-112"
"296",12,"Devin Singletary",NYG,"RB87","8","Coach Upside rating–No rating available","Coach Bust rating–No rating available","4 out of 5 stars","+105"
"297",12,"Oscar Delp",NO,"TE36","8","Coach Upside rating–No rating available","Coach Bust rating–No rating available","2 out of 5 stars","+94"
"298",12,"Hollywood Brown",PHI,"WR107","10","Coach Upside rating–No rating available","Coach Bust rating–No rating available","4 out of 5 stars","+18"
"299",12,"Deshaun Watson",CLE,"QB34","11","Coach Upside rating–No rating available","Coach Bust rating–No rating available","4 out of 5 stars","-73"
"300",12,"Najee Harris",LAC,"RB88","7","Coach Upside rating–No rating available","Coach Bust rating–No rating available","3 out of 5 stars","+12"
"301",12,"Jerome Ford",WAS,"RB89","7","Coach Upside rating–No rating available","Coach Bust rating–No rating available","4 out of 5 stars","+74"
"302",12,"Mike Gesicki",CIN,"TE37","6","Coach Upside rating–No rating available","Coach Bust rating–No rating available","3 out of 5 stars","-65"
"303",12,"Kirk Cousins",LV,"QB35","13","Coach Upside rating–No rating available","Coach Bust rating–No rating available","1 out of 5 stars","-65"
"304",12,"Charlie Smyth",NO,"K18","8","Coach Upside rating–No rating available","Coach Bust rating–No rating available","5 out of 5 stars","-"
"305",12,"Emari Demercado",KC,"RB90","5","Coach Upside rating–No rating available","Coach Bust rating–No rating available","3 out of 5 stars","-46"
"306",12,"Indianapolis Colts",IND,"DST19","13","Coach Upside rating–No rating available","Coach Bust rating–No rating available","5 out of 5 stars","-46"
"307",13,"Jake Tonges",SF,"TE38","8","Coach Upside rating–No rating available","Coach Bust rating–No rating available","3 out of 5 stars","-75"
"308",13,"Isaiah Bond",CLE,"WR108","11","Coach Upside rating–No rating available","Coach Bust rating–No rating available","3 out of 5 stars","+18"
"309",13,"Kaelon Black",SF,"RB91","8","Coach Upside rating–No rating available","Coach Bust rating–No rating available","2 out of 5 stars","-92"
"310",13,"Trevor Etienne",CAR,"RB92","5","Coach Upside rating–No rating available","Coach Bust rating–No rating available","1 out of 5 stars","+7"
"311",13,"Skyler Bell",BUF,"WR109","7","Coach Upside rating–No rating available","Coach Bust rating–No rating available","4 out of 5 stars","-38"
"312",13,"Isaac Guerendo",SF,"RB93","8","Coach Upside rating–No rating available","Coach Bust rating–No rating available","2 out of 5 stars","+20"
"313",13,"Tahj Brooks",CIN,"RB94","6","Coach Upside rating–No rating available","Coach Bust rating–No rating available","2 out of 5 stars","+68"
"314",13,"Adam Randall",BAL,"RB95","13","Coach Upside rating–No rating available","Coach Bust rating–No rating available","3 out of 5 stars","-6"
"315",13,"Ja'Kobi Lane",BAL,"WR110","13","Coach Upside rating–No rating available","Coach Bust rating–No rating available","4 out of 5 stars","-22"
"316",13,"Joe Mixon",FA,"RB96","-","Coach Upside rating–No rating available","Coach Bust rating–No rating available","-","+36"
"317",13,"Jarquez Hunter",LAR,"RB97","11","Coach Upside rating–No rating available","Coach Bust rating–No rating available","5 out of 5 stars","-2"
"318",13,"Andrei Iosivas",CIN,"WR111","6","Coach Upside rating–No rating available","Coach Bust rating–No rating available","4 out of 5 stars","-42"
"319",13,"Audric Estime",NO,"RB98","8","Coach Upside rating–No rating available","Coach Bust rating–No rating available","3 out of 5 stars","+50"
"320",13,"New Orleans Saints",NO,"DST20","8","Coach Upside rating–No rating available","Coach Bust rating–No rating available","5 out of 5 stars","-68"
"321",13,"Chicago Bears",CHI,"DST21","10","Coach Upside rating–No rating available","Coach Bust rating–No rating available","2 out of 5 stars","-86"
"322",13,"Cedric Tillman",CLE,"WR112","11","Coach Upside rating–No rating available","Coach Bust rating–No rating available","3 out of 5 stars","+8"
"323",13,"Will Shipley",PHI,"RB99","10","Coach Upside rating–No rating available","Coach Bust rating–No rating available","4 out of 5 stars","+20"
"324",13,"J.J. McCarthy",MIN,"QB36","6","Coach Upside rating–No rating available","Coach Bust rating–No rating available","5 out of 5 stars","+74"
"325",13,"Jalen Royals",KC,"WR113","5","Coach Upside rating–No rating available","Coach Bust rating–No rating available","2 out of 5 stars","-25"
"326",13,"Tez Johnson",TB,"WR114","10","Coach Upside rating–No rating available","Coach Bust rating–No rating available","4 out of 5 stars","+69"
"327",13,"Konata Mumpfield",LAR,"WR115","11","Coach Upside rating–No rating available","Coach Bust rating–No rating available","1 out of 5 stars","-53"
"328",13,"Calvin Austin III",NYG,"WR116","8","Coach Upside rating–No rating available","Coach Bust rating–No rating available","4 out of 5 stars","+50"
"329",13,"Darnell Washington",PIT,"TE39","9","Coach Upside rating–No rating available","Coach Bust rating–No rating available","2 out of 5 stars","-40"
"330",13,"Kareem Hunt",FA,"RB100","-","Coach Upside rating–No rating available","Coach Bust rating–No rating available","-","+37"
"331",13,"Bam Knight",ARI,"RB101","14","Coach Upside rating–No rating available","Coach Bust rating–No rating available","2 out of 5 stars","-"
"332",13,"Luke McCaffrey",WAS,"WR117","7","Coach Upside rating–No rating available","Coach Bust rating–No rating available","2 out of 5 stars","-71"
"333",13,"Max Klare",LAR,"TE40","11","Coach Upside rating–No rating available","Coach Bust rating–No rating available","4 out of 5 stars","+31"
"334",13,"Jahan Dotson",ATL,"WR118","11","Coach Upside rating–No rating available","Coach Bust rating–No rating available","3 out of 5 stars","-20"
"335",13,"Mac Jones",SF,"QB37","8","Coach Upside rating–No rating available","Coach Bust rating–No rating available","1 out of 5 stars","-7"
"336",13,"Tyler Higbee",LAR,"TE41","11","Coach Upside rating–No rating available","Coach Bust rating–No rating available","4 out of 5 stars","+51"
"337",13,"Olamide Zaccheaus",ATL,"WR119","11","Coach Upside rating–No rating available","Coach Bust rating–No rating available","3 out of 5 stars","+59"
"338",13,"Noah Gray",KC,"TE42","5","Coach Upside rating–No rating available","Coach Bust rating–No rating available","4 out of 5 stars","+61"
"339",13,"Caleb Douglas",MIA,"WR120","6","Coach Upside rating–No rating available","Coach Bust rating–No rating available","3 out of 5 stars","-14"
"340",13,"Jalen Tolbert",MIA,"WR121","6","Coach Upside rating–No rating available","Coach Bust rating–No rating available","3 out of 5 stars","-34"
"341",13,"Joshua Palmer",BUF,"WR122","7","Coach Upside rating–No rating available","Coach Bust rating–No rating available","4 out of 5 stars","+14"
"342",13,"Elijah Arroyo",SEA,"TE43","11","Coach Upside rating–No rating available","Coach Bust rating–No rating available","3 out of 5 stars","+61"
"343",14,"Dont'e Thornton Jr.",LV,"WR123","13","Coach Upside rating–No rating available","Coach Bust rating–No rating available","2 out of 5 stars","-"
"344",14,"Michael Mayer",LV,"TE44","13","Coach Upside rating–No rating available","Coach Bust rating–No rating available","3 out of 5 stars","-72"
"345",14,"Carolina Panthers",CAR,"DST22","5","Coach Upside rating–No rating available","Coach Bust rating–No rating available","3 out of 5 stars","-80"
"346",14,"J'Mari Taylor",JAC,"RB102","7","Coach Upside rating–No rating available","Coach Bust rating–No rating available","4 out of 5 stars","-"
"347",14,"Ja'Tavion Sanders",CAR,"TE45","5","Coach Upside rating–No rating available","Coach Bust rating–No rating available","2 out of 5 stars","-56"
"348",14,"Ty Simpson",LAR,"QB38","11","Coach Upside rating–No rating available","Coach Bust rating–No rating available","3 out of 5 stars","+38"
"349",14,"Michael Carter",TEN,"RB103","9","Coach Upside rating–No rating available","Coach Bust rating–No rating available","3 out of 5 stars","-40"
"350",14,"Xavier Hutchinson",HOU,"WR124","8","Coach Upside rating–No rating available","Coach Bust rating–No rating available","3 out of 5 stars","-1"
"351",14,"Carson Beck",ARI,"QB39","14","Coach Upside rating–No rating available","Coach Bust rating–No rating available","2 out of 5 stars","-49"
"352",14,"Eli Heidenreich",PIT,"RB104","9","Coach Upside rating–No rating available","Coach Bust rating–No rating available","2 out of 5 stars","-74"
"353",14,"Dallas Cowboys",DAL,"DST23","14","Coach Upside rating–No rating available","Coach Bust rating–No rating available","1 out of 5 stars","-90"
"354",14,"Kendrick Bourne",ARI,"WR125","14","Coach Upside rating–No rating available","Coach Bust rating–No rating available","2 out of 5 stars","-55"
"355",14,"DeMario Douglas",NE,"WR126","11","Coach Upside rating–No rating available","Coach Bust rating–No rating available","2 out of 5 stars","-34"
"356",14,"Justin Fields",KC,"QB40","5","Coach Upside rating–No rating available","Coach Bust rating–No rating available","2 out of 5 stars","+49"
"357",14,"Dawson Knox",BUF,"TE46","7","Coach Upside rating–No rating available","Coach Bust rating–No rating available","3 out of 5 stars","-39"
"358",14,"Bryce Lance",NO,"WR127","8","Coach Upside rating–No rating available","Coach Bust rating–No rating available","3 out of 5 stars","-54"
"359",14,"Jawhar Jordan",HOU,"RB105","8","Coach Upside rating–No rating available","Coach Bust rating–No rating available","4 out of 5 stars","-82"
"360",14,"Cole Kmet",CHI,"TE47","10","Coach Upside rating–No rating available","Coach Bust rating–No rating available","2 out of 5 stars","+42"
"361",14,"Nick Chubb",FA,"RB106","-","Coach Upside rating–No rating available","Coach Bust rating–No rating available","-","-"
"362",14,"Anthony Richardson Sr.",IND,"QB41","13","Coach Upside rating–No rating available","Coach Bust rating–No rating available","4 out of 5 stars","+17"
"363",14,"John Metchie III",CAR,"WR128","5","Coach Upside rating–No rating available","Coach Bust rating–No rating available","2 out of 5 stars","-"
"364",14,"Kalif Raymond",CHI,"WR129","10","Coach Upside rating–No rating available","Coach Bust rating–No rating available","3 out of 5 stars","-97"
"365",14,"Treylon Burks",WAS,"WR130","7","Coach Upside rating–No rating available","Coach Bust rating–No rating available","2 out of 5 stars","-85"
"366",14,"Nick Westbrook-Ikhine",IND,"WR131","13","Coach Upside rating–No rating available","Coach Bust rating–No rating available","4 out of 5 stars","+5"
"367",14,"Brenen Thompson",LAC,"WR132","7","Coach Upside rating–No rating available","Coach Bust rating–No rating available","2 out of 5 stars","+6"
"368",14,"Jaylin Lane",WAS,"WR133","7","Coach Upside rating–No rating available","Coach Bust rating–No rating available","2 out of 5 stars","-"
"369",14,"Tyler Bass",BUF,"K19","7","Coach Upside rating–No rating available","Coach Bust rating–No rating available","2 out of 5 stars","-"
"370",14,"Zane Gonzalez",MIA,"K20","6","Coach Upside rating–No rating available","Coach Bust rating–No rating available","2 out of 5 stars","-"
"371",14,"Raheim Sanders",CLE,"RB107","11","Coach Upside rating–No rating available","Coach Bust rating–No rating available","3 out of 5 stars","-"
"372",14,"KaVontae Turpin",DAL,"WR134","14","Coach Upside rating–No rating available","Coach Bust rating–No rating available","2 out of 5 stars","-"
"373",14,"Tutu Atwell",MIA,"WR135","6","Coach Upside rating–No rating available","Coach Bust rating–No rating available","3 out of 5 stars","+7"
"374",14,"Noah Fant",NO,"TE48","8","Coach Upside rating–No rating available","Coach Bust rating–No rating available","2 out of 5 stars","-24"
"375",14,"Tennessee Titans",TEN,"DST24","9","Coach Upside rating–No rating available","Coach Bust rating–No rating available","2 out of 5 stars","-96"
"376",14,"Austin Ekeler",FA,"RB108","-","Coach Upside rating–No rating available","Coach Bust rating–No rating available","-","-69"
"377",14,"Nick Folk",ATL,"K21","11","Coach Upside rating–No rating available","Coach Bust rating–No rating available","0 out of 5 stars","-"
"378",14,"Eli Raridon",NE,"TE49","11","Coach Upside rating–No rating available","Coach Bust rating–No rating available","4 out of 5 stars","-8"
"379",14,"Zavion Thomas",CHI,"WR136","10","Coach Upside rating–No rating available","Coach Bust rating–No rating available","3 out of 5 stars","-92"
"380",14,"Cincinnati Bengals",CIN,"DST25","6","Coach Upside rating–No rating available","Coach Bust rating–No rating available","4 out of 5 stars","-27"
"381",14,"Justin Joly",DEN,"TE50","10","Coach Upside rating–No rating available","Coach Bust rating–No rating available","4 out of 5 stars","-15"
"382",14,"Blake Grupe",IND,"K22","13","Coach Upside rating–No rating available","Coach Bust rating–No rating available","4 out of 5 stars","-"
"383",14,"Jake Elliott",PHI,"K23","10","Coach Upside rating–No rating available","Coach Bust rating–No rating available","5 out of 5 stars","-"
"384",14,"Savion Williams",GB,"WR137","11","Coach Upside rating–No rating available","Coach Bust rating–No rating available","5 out of 5 stars","-49"
"385",14,"John Bates",WAS,"TE51","7","Coach Upside rating–No rating available","Coach Bust rating–No rating available","1 out of 5 stars","-"
"386",14,"Kevin Coleman Jr.",MIA,"WR138","6","Coach Upside rating–No rating available","Coach Bust rating–No rating available","3 out of 5 stars","-35"
"387",14,"Tommy Myers",FA,"TE52","-","Coach Upside rating–No rating available","Coach Bust rating–No rating available","-","-"
"388",14,"Ryan Fitzgerald",CAR,"K24","5","Coach Upside rating–No rating available","Coach Bust rating–No rating available","0 out of 5 stars","-"
"389",14,"Washington Commanders",WAS,"DST26","7","Coach Upside rating–No rating available","Coach Bust rating–No rating available","2 out of 5 stars","-15"
"390",14,"Ben Sinnott",WAS,"TE53","7","Coach Upside rating–No rating available","Coach Bust rating–No rating available","1 out of 5 stars","-30"
"391",14,"Tommy Tremble",CAR,"TE54","5","Coach Upside rating–No rating available","Coach Bust rating–No rating available","2 out of 5 stars","-"
"392",14,"Luke Musgrave",GB,"TE55","11","Coach Upside rating–No rating available","Coach Bust rating–No rating available","2 out of 5 stars","-46"
"393",14,"New York Giants",NYG,"DST27","8","Coach Upside rating–No rating available","Coach Bust rating–No rating available","1 out of 5 stars","-138"
"394",14,"Tampa Bay Buccaneers",TB,"DST28","10","Coach Upside rating–No rating available","Coach Bust rating–No rating available","4 out of 5 stars","-124"
"395",14,"Trey Smack",GB,"K25","11","Coach Upside rating–No rating available","Coach Bust rating–No rating available","4 out of 5 stars","-"
"396",14,"Jameis Winston",NYG,"QB42","8","Coach Upside rating–No rating available","Coach Bust rating–No rating available","4 out of 5 stars","-13"
"397",14,"Phil Mafah",DAL,"RB109","14","Coach Upside rating–No rating available","Coach Bust rating–No rating available","4 out of 5 stars","-32"
"398",14,"Jordan Whittington",LAR,"WR139","11","Coach Upside rating–No rating available","Coach Bust rating–No rating available","1 out of 5 stars","-"
"399",14,"Chad Ryland",ARI,"K26","14","Coach Upside rating–No rating available","Coach Bust rating–No rating available","2 out of 5 stars","-"
"400",14,"Ben Sauls",NYG,"K27","8","Coach Upside rating–No rating available","Coach Bust rating–No rating available","2 out of 5 stars","-"
"401",14,"Daniel Bellinger",TEN,"TE56","9","Coach Upside rating–No rating available","Coach Bust rating–No rating available","3 out of 5 stars","-53"
"402",14,"Darren Waller",FA,"TE57","-","Coach Upside rating–No rating available","Coach Bust rating–No rating available","-","-57"
"403",14,"Miami Dolphins",MIA,"DST29","6","Coach Upside rating–No rating available","Coach Bust rating–No rating available","3 out of 5 stars","-26"
"404",14,"Dameon Pierce",PHI,"RB110","10","Coach Upside rating–No rating available","Coach Bust rating–No rating available","4 out of 5 stars","-"
"405",14,"Marcus Mariota",WAS,"QB43","7","Coach Upside rating–No rating available","Coach Bust rating–No rating available","2 out of 5 stars","-20"
"406",14,"Joey Slye",TEN,"K28","9","Coach Upside rating–No rating available","Coach Bust rating–No rating available","4 out of 5 stars","-"
"407",14,"Ashton Dulin",IND,"WR140","13","Coach Upside rating–No rating available","Coach Bust rating–No rating available","4 out of 5 stars","-119"
"408",14,"Joe Flacco",CIN,"QB44","6","Coach Upside rating–No rating available","Coach Bust rating–No rating available","3 out of 5 stars","-8"
"409",14,"Deion Burks",IND,"WR141","13","Coach Upside rating–No rating available","Coach Bust rating–No rating available","4 out of 5 stars","-"
"410",14,"Greg Dortch",DET,"WR142","6","Coach Upside rating–No rating available","Coach Bust rating–No rating available","4 out of 5 stars","-99"
"411",14,"Brandon McManus",FA,"K29","-","Coach Upside rating–No rating available","Coach Bust rating–No rating available","-","-"
"412",14,"CJ Daniels",LAR,"WR143","11","Coach Upside rating–No rating available","Coach Bust rating–No rating available","1 out of 5 stars","-"
"413",14,"Austin Hooper",ATL,"TE58","11","Coach Upside rating–No rating available","Coach Bust rating–No rating available","3 out of 5 stars","-"
"414",14,"Terrell Jennings",NE,"RB111","11","Coach Upside rating–No rating available","Coach Bust rating–No rating available","2 out of 5 stars","-"
"415",15,"Dyami Brown",WAS,"WR144","7","Coach Upside rating–No rating available","Coach Bust rating–No rating available","2 out of 5 stars","-86"
"416",15,"Daniel Carlson",LV,"K30","13","Coach Upside rating–No rating available","Coach Bust rating–No rating available","1 out of 5 stars","-"
"417",15,"DeAndre Hopkins",BAL,"WR145","13","Coach Upside rating–No rating available","Coach Bust rating–No rating available","4 out of 5 stars","-"
"418",15,"Kyle Juszczyk",SF,"RB112","8","Coach Upside rating–No rating available","Coach Bust rating–No rating available","2 out of 5 stars","-"
"419",15,"Devontez Walker",BAL,"WR146","13","Coach Upside rating–No rating available","Coach Bust rating–No rating available","4 out of 5 stars","-148"
"420",15,"Marlin Klein",HOU,"TE59","8","Coach Upside rating–No rating available","Coach Bust rating–No rating available","4 out of 5 stars","-"
"421",15,"Dylan Laube",LV,"RB113","13","Coach Upside rating–No rating available","Coach Bust rating–No rating available","2 out of 5 stars","-"
"422",15,"Joe Milton III",DAL,"QB45","14","Coach Upside rating–No rating available","Coach Bust rating–No rating available","2 out of 5 stars","-91"
"423",15,"Zach Ertz",FA,"TE60","-","Coach Upside rating–No rating available","Coach Bust rating–No rating available","-","-62"
"424",15,"Jam Miller",NE,"RB114","11","Coach Upside rating–No rating available","Coach Bust rating–No rating available","2 out of 5 stars","-91"
"425",15,"Tyler Lockett",LV,"WR147","13","Coach Upside rating–No rating available","Coach Bust rating–No rating available","2 out of 5 stars","-"
"426",15,"Cyrus Allen",KC,"WR148","5","Coach Upside rating–No rating available","Coach Bust rating–No rating available","2 out of 5 stars","-"
"427",15,"Antonio Gibson",FA,"RB115","-","Coach Upside rating–No rating available","Coach Bust rating–No rating available","-","-"
"428",15,"Erick All Jr.",CIN,"TE61","6","Coach Upside rating–No rating available","Coach Bust rating–No rating available","3 out of 5 stars","-123"
"429",15,"Khalil Herbert",FA,"RB116","-","Coach Upside rating–No rating available","Coach Bust rating–No rating available","-","-"
"430",15,"Jonnu Smith",FA,"TE62","-","Coach Upside rating–No rating available","Coach Bust rating–No rating available","-","-67"
"431",15,"Damien Martinez",GB,"RB117","11","Coach Upside rating–No rating available","Coach Bust rating–No rating available","4 out of 5 stars","-118"
"432",15,"Josh Oliver",MIN,"TE63","6","Coach Upside rating–No rating available","Coach Bust rating–No rating available","4 out of 5 stars","-"
"433",15,"Xavier Smith",LAR,"WR149","11","Coach Upside rating–No rating available","Coach Bust rating–No rating available","1 out of 5 stars","-"
"434",15,"Roschon Johnson",CHI,"RB118","10","Coach Upside rating–No rating available","Coach Bust rating–No rating available","2 out of 5 stars","-"
"435",15,"Demarcus Robinson",SF,"WR150","8","Coach Upside rating–No rating available","Coach Bust rating–No rating available","2 out of 5 stars","-"
"436",15,"Elijah Higgins",ARI,"TE64","14","Coach Upside rating–No rating available","Coach Bust rating–No rating available","2 out of 5 stars","-"
"437",15,"Cade Klubnik",NYJ,"QB46","13","Coach Upside rating–No rating available","Coach Bust rating–No rating available","4 out of 5 stars","-"
"438",15,"Gardner Minshew II",ARI,"QB47","14","Coach Upside rating–No rating available","Coach Bust rating–No rating available","2 out of 5 stars","-152"
"439",15,"Alec Ingold",LAC,"RB119","7","Coach Upside rating–No rating available","Coach Bust rating–No rating available","3 out of 5 stars","-"
"440",15,"Jahdae Walker",CHI,"WR151","10","Coach Upside rating–No rating available","Coach Bust rating–No rating available","3 out of 5 stars","-"
"441",15,"Jeremy McNichols",WAS,"RB120","7","Coach Upside rating–No rating available","Coach Bust rating–No rating available","4 out of 5 stars","-"
"442",15,"Mitch Tinsley",CIN,"WR152","6","Coach Upside rating–No rating available","Coach Bust rating–No rating available","4 out of 5 stars","-"
"443",15,"Patrick Ricard",NYG,"RB121","8","Coach Upside rating–No rating available","Coach Bust rating–No rating available","4 out of 5 stars","-"
"444",15,"Mitchell Evans",CAR,"TE65","5","Coach Upside rating–No rating available","Coach Bust rating–No rating available","2 out of 5 stars","-"
"445",15,"Rasheen Ali",BAL,"RB122","13","Coach Upside rating–No rating available","Coach Bust rating–No rating available","3 out of 5 stars","-161"
"446",15,"Raheem Mostert",LV,"RB123","13","Coach Upside rating–No rating available","Coach Bust rating–No rating available","2 out of 5 stars","-"
"447",15,"Riley Leonard",IND,"QB48","13","Coach Upside rating–No rating available","Coach Bust rating–No rating available","4 out of 5 stars","-151"
"448",15,"Brittain Brown",CHI,"RB124","10","Coach Upside rating–No rating available","Coach Bust rating–No rating available","2 out of 5 stars","-"
"449",15,"Jaret Patterson",LAC,"RB125","7","Coach Upside rating–No rating available","Coach Bust rating–No rating available","3 out of 5 stars","-"
"450",15,"Jordan Waters",LAR,"RB126","11","Coach Upside rating–No rating available","Coach Bust rating–No rating available","5 out of 5 stars","-"
"451",15,"Las Vegas Raiders",LV,"DST30","13","Coach Upside rating–No rating available","Coach Bust rating–No rating available","4 out of 5 stars","-89"
"452",15,"Miles Sanders",FA,"RB127","-","Coach Upside rating–No rating available","Coach Bust rating–No rating available","-","-"
"453",15,"Max Bredeson",MIN,"RB128","6","Coach Upside rating–No rating available","Coach Bust rating–No rating available","4 out of 5 stars","-"
"454",15,"Ty Chandler",NO,"RB129","8","Coach Upside rating–No rating available","Coach Bust rating–No rating available","3 out of 5 stars","-"
"455",15,"Ronnie Rivers",LAR,"RB130","11","Coach Upside rating–No rating available","Coach Bust rating–No rating available","5 out of 5 stars","-"
"456",15,"Reggie Gilliam",NE,"RB131","11","Coach Upside rating–No rating available","Coach Bust rating–No rating available","2 out of 5 stars","-"
"457",15,"Kevin Austin Jr.",NO,"WR153","8","Coach Upside rating–No rating available","Coach Bust rating–No rating available","3 out of 5 stars","-"
"458",15,"Tai Felton",MIN,"WR154","6","Coach Upside rating–No rating available","Coach Bust rating–No rating available","5 out of 5 stars","-"
"459",15,"Robert Henry Jr.",WAS,"RB132","7","Coach Upside rating–No rating available","Coach Bust rating–No rating available","4 out of 5 stars","-"
"460",15,"Tanner McKee",PHI,"QB49","10","Coach Upside rating–No rating available","Coach Bust rating–No rating available","5 out of 5 stars","-"
"461",15,"Malik Benson",LV,"WR155","13","Coach Upside rating–No rating available","Coach Bust rating–No rating available","2 out of 5 stars","-137"
"462",15,"Hunter Luepke",DAL,"RB133","14","Coach Upside rating–No rating available","Coach Bust rating–No rating available","4 out of 5 stars","-"
"463",15,"Ameer Abdullah",JAC,"RB134","7","Coach Upside rating–No rating available","Coach Bust rating–No rating available","4 out of 5 stars","-"
"464",15,"Elijah Moore",PHI,"WR156","10","Coach Upside rating–No rating available","Coach Bust rating–No rating available","4 out of 5 stars","-"
"465",15,"Adam Prentice",DEN,"RB135","10","Coach Upside rating–No rating available","Coach Bust rating–No rating available","2 out of 5 stars","-"
"466",15,"AJ Dillon",CAR,"RB136","5","Coach Upside rating–No rating available","Coach Bust rating–No rating available","1 out of 5 stars","-"
"467",15,"Myles Montgomery",NE,"RB137","11","Coach Upside rating–No rating available","Coach Bust rating–No rating available","2 out of 5 stars","-"
"468",15,"Pierre Strong Jr.",GB,"RB138","11","Coach Upside rating–No rating available","Coach Bust rating–No rating available","4 out of 5 stars","-"
"469",15,"Sam Roush",CHI,"TE66","10","Coach Upside rating–No rating available","Coach Bust rating–No rating available","2 out of 5 stars","-179"
"470",15,"Nate Boerkircher",JAC,"TE67","7","Coach Upside rating–No rating available","Coach Bust rating–No rating available","3 out of 5 stars","-"
"471",15,"Durham Smythe",BAL,"TE68","13","Coach Upside rating–No rating available","Coach Bust rating–No rating available","4 out of 5 stars","-"
"472",15,"Tanner Koziol",JAC,"TE69","7","Coach Upside rating–No rating available","Coach Bust rating–No rating available","3 out of 5 stars","-"
"473",15,"JuJu Smith-Schuster",NYG,"WR157","8","Coach Upside rating–No rating available","Coach Bust rating–No rating available","4 out of 5 stars","-"
"474",15,"Zavier Scott",MIN,"RB139","6","Coach Upside rating–No rating available","Coach Bust rating–No rating available","4 out of 5 stars","-"
"475",15,"Ronnie Bell",NO,"WR158","8","Coach Upside rating–No rating available","Coach Bust rating–No rating available","3 out of 5 stars","-"
"476",15,"Adam Trautman",DEN,"TE70","10","Coach Upside rating–No rating available","Coach Bust rating–No rating available","4 out of 5 stars","-"
"477",15,"Luke Schoonmaker",DAL,"TE71","14","Coach Upside rating–No rating available","Coach Bust rating–No rating available","2 out of 5 stars","-"
"478",15,"Tyler Goodson",ATL,"RB140","11","Coach Upside rating–No rating available","Coach Bust rating–No rating available","2 out of 5 stars","-"
"479",15,"Cash Jones",ATL,"RB141","11","Coach Upside rating–No rating available","Coach Bust rating–No rating available","2 out of 5 stars","-"
"480",15,"Cam Akers",FA,"RB142","-","Coach Upside rating–No rating available","Coach Bust rating–No rating available","-","-"
"481",15,"Charlie Kolar",LAC,"TE72","7","Coach Upside rating–No rating available","Coach Bust rating–No rating available","4 out of 5 stars","-137"
"482",15,"Brock Wright",DET,"TE73","6","Coach Upside rating–No rating available","Coach Bust rating–No rating available","3 out of 5 stars","-"
"483",15,"Jack Endries",CIN,"TE74","6","Coach Upside rating–No rating available","Coach Bust rating–No rating available","3 out of 5 stars","-"
"484",15,"Quinn Ewers",MIA,"QB50","6","Coach Upside rating–No rating available","Coach Bust rating–No rating available","3 out of 5 stars","-145"
"485",15,"Roman Wilson",PIT,"WR159","9","Coach Upside rating–No rating available","Coach Bust rating–No rating available","3 out of 5 stars","-"
"486",16,"Roman Hemby",LV,"RB143","13","Coach Upside rating–No rating available","Coach Bust rating–No rating available","2 out of 5 stars","-"
"487",16,"Mo Alie-Cox",IND,"TE75","13","Coach Upside rating–No rating available","Coach Bust rating–No rating available","3 out of 5 stars","-"
"488",16,"Lil'Jordan Humphrey",DEN,"WR160","10","Coach Upside rating–No rating available","Coach Bust rating–No rating available","2 out of 5 stars","-"
"489",16,"Tyler Badie",DEN,"RB144","10","Coach Upside rating–No rating available","Coach Bust rating–No rating available","2 out of 5 stars","-"
"490",16,"Jackson Hawes",BUF,"TE76","7","Coach Upside rating–No rating available","Coach Bust rating–No rating available","3 out of 5 stars","-"
"491",16,"Jaydn Ott",KC,"RB145","5","Coach Upside rating–No rating available","Coach Bust rating–No rating available","3 out of 5 stars","-"
"492",16,"Michael Trigg",DAL,"TE77","14","Coach Upside rating–No rating available","Coach Bust rating–No rating available","2 out of 5 stars","-"
"493",16,"Thomas Fidone II",NYG,"TE78","8","Coach Upside rating–No rating available","Coach Bust rating–No rating available","3 out of 5 stars","-"
"494",16,"Jason Sanders",NYJ,"K31","13","Coach Upside rating–No rating available","Coach Bust rating–No rating available","2 out of 5 stars","-"
"495",16,"New York Jets",NYJ,"DST31","13","Coach Upside rating–No rating available","Coach Bust rating–No rating available","4 out of 5 stars","-111"
"496",16,"Elijah Mitchell",PHI,"RB146","10","Coach Upside rating–No rating available","Coach Bust rating–No rating available","4 out of 5 stars","-"